dataset,method,sample_size,recall_mean,recall_median,recall_std,recall_min,recall_max,precision_mean,precision_median,precision_std,precision_min,precision_max,igd_mean,igd_median,igd_std,igd_min,igd_max,hv_diff_mean,hv_diff_median,hv_diff_std,hv_diff_min,hv_diff_max,sample_pct_first,dataset_size_first,pred_pf_size_mean,true_pf_size_first
HR_Attrition,ActiveLearning,50,0.1308,0.0769,0.1275,0.0,0.3846,0.2274,0.127,0.2484,0.0,0.8,0.2352,0.226,0.0543,0.1492,0.3739,0.0858,0.0913,0.0544,0.0059,0.2304,3.4,1470,8.55,13
HR_Attrition,ActiveLearning,100,0.3731,0.3846,0.1461,0.0769,0.5385,0.559,0.5982,0.247,0.125,1.0,0.1347,0.131,0.0441,0.0777,0.2386,0.0539,0.0544,0.033,0.0057,0.1316,6.8,1470,8.95,13
HR_Attrition,ActiveLearning,200,0.6115,0.6154,0.1308,0.3846,0.8462,0.6899,0.6833,0.1997,0.2778,1.0,0.0696,0.0636,0.0305,0.02,0.1229,0.0346,0.0367,0.0254,0.0014,0.0904,13.61,1470,12.0,13
HR_Attrition,ActiveLearning,250,0.6769,0.6923,0.151,0.3846,1.0,0.768,0.8322,0.1876,0.4167,1.0,0.0588,0.057,0.0385,0.0,0.1286,0.023,0.0133,0.0208,0.0004,0.0654,17.01,1470,11.7,13
HR_Attrition,Clustering,50,0.0423,0.0,0.0635,0.0,0.1538,0.035,0.0,0.0685,0.0,0.2222,0.2546,0.2336,0.0594,0.1873,0.3953,0.0423,0.0249,0.036,0.0017,0.1326,3.4,1470,14.65,13
HR_Attrition,Clustering,100,0.1077,0.0769,0.0914,0.0,0.3077,0.1079,0.125,0.0793,0.0,0.25,0.2305,0.2318,0.0431,0.147,0.3184,0.0374,0.0278,0.0288,0.0067,0.1136,6.8,1470,12.45,13
HR_Attrition,Clustering,200,0.1269,0.1154,0.08,0.0,0.3077,0.1802,0.1484,0.1599,0.0,0.6667,0.203,0.2128,0.0468,0.106,0.2981,0.0706,0.0502,0.0603,0.0001,0.1991,13.61,1470,10.55,13
HR_Attrition,Clustering,250,0.1615,0.1538,0.0745,0.0769,0.3077,0.2333,0.2071,0.143,0.0714,0.6,0.1761,0.1768,0.0418,0.1068,0.2759,0.105,0.1064,0.0555,0.0046,0.2258,17.01,1470,10.35,13
HR_Attrition,Diversity,50,0.1308,0.1538,0.0665,0.0,0.2308,0.1829,0.1742,0.0894,0.0,0.3333,0.1995,0.1942,0.0283,0.1639,0.2854,0.115,0.0967,0.0657,0.007,0.2455,3.4,1470,10.5,13
HR_Attrition,Diversity,100,0.1846,0.1538,0.1011,0.0769,0.3846,0.1832,0.1742,0.0806,0.0833,0.3636,0.1648,0.1624,0.0187,0.1277,0.2016,0.1218,0.1281,0.0493,0.018,0.211,6.8,1470,12.85,13
HR_Attrition,Diversity,200,0.3192,0.3077,0.1037,0.1538,0.5385,0.3263,0.3205,0.1016,0.1333,0.4545,0.1386,0.1407,0.0253,0.0931,0.1763,0.118,0.1175,0.0295,0.0439,0.1685,13.61,1470,12.8,13
HR_Attrition,Diversity,250,0.3731,0.3462,0.1037,0.2308,0.6154,0.3679,0.3636,0.1188,0.2,0.625,0.1206,0.1244,0.0284,0.0787,0.1657,0.0978,0.1037,0.0273,0.0469,0.1454,17.01,1470,13.7,13
HR_Attrition,LHS,50,0.0385,0.0,0.0636,0.0,0.2308,0.0547,0.0,0.1067,0.0,0.375,0.2414,0.2366,0.0494,0.1709,0.3436,0.063,0.0433,0.0493,0.0074,0.2011,3.4,1470,9.45,13
HR_Attrition,LHS,100,0.0231,0.0,0.0362,0.0,0.0769,0.0331,0.0,0.0566,0.0,0.1667,0.2045,0.1956,0.0409,0.1438,0.3074,0.0493,0.0381,0.0357,0.0041,0.1316,6.8,1470,10.85,13
HR_Attrition,LHS,200,0.1115,0.0769,0.1043,0.0,0.3077,0.1259,0.0861,0.1262,0.0,0.3636,0.1558,0.1484,0.023,0.1211,0.2132,0.0881,0.095,0.0523,0.0058,0.1759,13.61,1470,12.2,13
HR_Attrition,LHS,250,0.1154,0.0769,0.1102,0.0,0.3846,0.126,0.0769,0.1318,0.0,0.4545,0.1586,0.1577,0.0163,0.117,0.1889,0.079,0.0908,0.0411,0.0251,0.1775,17.01,1470,13.25,13
HR_Attrition,Random,50,0.0654,0.0769,0.0516,0.0,0.1538,0.1858,0.1099,0.1974,0.0,0.5,0.311,0.282,0.1004,0.1806,0.5452,0.1191,0.1019,0.1098,0.0063,0.4866,3.4,1470,8.3,13
HR_Attrition,Random,100,0.0923,0.0769,0.0732,0.0,0.3077,0.1568,0.1292,0.1351,0.0,0.5,0.2614,0.2494,0.083,0.1598,0.4846,0.0852,0.0776,0.0583,0.0094,0.2287,6.8,1470,9.65,13
HR_Attrition,Random,200,0.1846,0.1923,0.1155,0.0,0.3846,0.2546,0.2,0.2411,0.0,1.0,0.1987,0.2019,0.0369,0.1313,0.2962,0.1058,0.1116,0.0763,0.0017,0.2826,13.61,1470,12.0,13
HR_Attrition,Random,250,0.2115,0.1538,0.1245,0.0769,0.4615,0.2557,0.2364,0.1509,0.069,0.5,0.1903,0.1872,0.0412,0.1373,0.3286,0.0601,0.0538,0.0405,0.0054,0.1673,17.01,1470,11.9,13
HR_Attrition,Sobol,50,0.0308,0.0,0.046,0.0,0.1538,0.0409,0.0,0.0607,0.0,0.1667,0.2378,0.2264,0.0463,0.1636,0.3372,0.0656,0.0648,0.043,0.0011,0.1392,3.4,1470,9.05,13
HR_Attrition,Sobol,100,0.0692,0.0769,0.0656,0.0,0.2308,0.0951,0.0943,0.1318,0.0,0.6,0.1977,0.1993,0.025,0.1388,0.2469,0.0488,0.0355,0.0395,0.0061,0.1398,6.8,1470,11.2,13
HR_Attrition,Sobol,200,0.0654,0.0385,0.076,0.0,0.2308,0.0768,0.0417,0.0988,0.0,0.375,0.1659,0.16,0.0211,0.1365,0.2045,0.074,0.066,0.0534,0.0075,0.1805,13.61,1470,11.6,13
HR_Attrition,Sobol,250,0.1269,0.0769,0.1037,0.0,0.3077,0.1362,0.1056,0.1163,0.0,0.3636,0.1624,0.1572,0.0185,0.1353,0.2051,0.0722,0.0581,0.0491,0.0002,0.1623,17.01,1470,12.7,13
HR_Attrition,Stratified,50,0.0808,0.0,0.1235,0.0,0.3846,0.1166,0.0,0.1675,0.0,0.5,0.3038,0.2959,0.067,0.1846,0.4273,0.1164,0.1115,0.0759,0.0103,0.3306,3.4,1470,7.2,13
HR_Attrition,Stratified,100,0.1231,0.1154,0.0979,0.0,0.3077,0.2205,0.185,0.1944,0.0,0.6,0.2399,0.229,0.0517,0.1959,0.4353,0.1037,0.1135,0.0611,0.0106,0.2691,6.8,1470,9.65,13
HR_Attrition,Stratified,200,0.1962,0.1923,0.1101,0.0,0.4615,0.3319,0.2679,0.2681,0.0,1.0,0.2029,0.2021,0.0326,0.141,0.2796,0.0957,0.0755,0.0699,0.0142,0.253,13.61,1470,10.45,13
HR_Attrition,Stratified,250,0.2615,0.2308,0.1071,0.0769,0.4615,0.3327,0.3137,0.1618,0.1333,0.75,0.1709,0.1658,0.0305,0.1205,0.2274,0.0696,0.0575,0.0512,0.001,0.1715,17.01,1470,11.1,13
SS-A,ActiveLearning,50,0.0333,0.0,0.1491,0.0,0.6667,0.05,0.0,0.2236,0.0,1.0,0.0134,0.0145,0.0053,0.0017,0.0201,0.0002,0.0,0.0002,0.0,0.0007,3.72,1343,3.8,3
SS-A,ActiveLearning,100,0.0667,0.0,0.1368,0.0,0.3333,0.0571,0.0,0.1346,0.0,0.5,0.0111,0.0108,0.0055,0.0044,0.0211,0.0001,0.0,0.0003,0.0,0.0011,7.45,1343,4.3,3
SS-A,ActiveLearning,200,0.1333,0.0,0.2269,0.0,0.6667,0.1714,0.0,0.3256,0.0,1.0,0.0086,0.0062,0.0056,0.0031,0.0183,0.0,0.0,0.0,0.0,0.0001,14.89,1343,3.45,3
SS-A,ActiveLearning,250,0.1333,0.0,0.1675,0.0,0.3333,0.1775,0.0,0.2793,0.0,1.0,0.0098,0.0101,0.0058,0.0011,0.0183,0.0,0.0,0.0,0.0,0.0001,18.62,1343,3.6,3
SS-A,Clustering,50,0.0833,0.0,0.2621,0.0,1.0,0.0058,0.0,0.018,0.0,0.0612,0.0048,0.0055,0.0017,0.0019,0.0087,0.0,0.0,0.0,0.0,0.0,3.72,1343,16.6,3
SS-A,Clustering,100,0.0333,0.0,0.1026,0.0,0.3333,0.1,0.0,0.3078,0.0,1.0,0.0068,0.0037,0.0058,0.0032,0.0183,0.0,0.0,0.0,0.0,0.0,7.45,1343,4.55,3
SS-A,Clustering,200,0.6667,0.6667,0.0,0.6667,0.6667,0.2083,0.1667,0.1863,0.1667,1.0,0.0041,0.0041,0.0,0.004,0.0041,0.0,0.0,0.0,0.0,0.0,14.89,1343,11.5,3
SS-A,Clustering,250,0.6667,0.6667,0.0,0.6667,0.6667,0.2917,0.1667,0.3053,0.1667,1.0,0.004,0.004,0.0,0.004,0.0041,0.0,0.0,0.0,0.0,0.0,18.62,1343,10.5,3
SS-A,Diversity,50,0.0,0.0,0.0,0.0,0.0,0.0,0.0,0.0,0.0,0.0,0.0165,0.0183,0.0038,0.0058,0.0183,0.0,0.0,0.0,0.0,0.0,3.72,1343,1.3,3
SS-A,Diversity,100,0.0,0.0,0.0,0.0,0.0,0.0,0.0,0.0,0.0,0.0,0.0143,0.0183,0.0057,0.0042,0.0183,0.0,0.0,0.0,0.0,0.0001,7.45,1343,1.7,3
SS-A,Diversity,200,0.1167,0.0,0.1957,0.0,0.6667,0.085,0.0,0.1365,0.0,0.3333,0.0117,0.0102,0.0046,0.0053,0.0183,0.0,0.0,0.0,0.0,0.0001,14.89,1343,3.6,3
SS-A,Diversity,250,0.1667,0.0,0.2536,0.0,1.0,0.1302,0.0,0.1806,0.0,0.5,0.0107,0.0105,0.006,0.0032,0.0183,0.0,0.0,0.0,0.0,0.0001,18.62,1343,4.3,3
SS-A,LHS,50,0.0,0.0,0.0,0.0,0.0,0.0,0.0,0.0,0.0,0.0,0.0177,0.0183,0.0026,0.0068,0.0183,0.0,0.0,0.0,0.0,0.0001,3.72,1343,1.1,3
SS-A,LHS,100,0.1,0.0,0.3078,0.0,1.0,0.0016,0.0,0.005,0.0,0.0185,0.0124,0.0133,0.0062,0.0041,0.0183,0.0,0.0,0.0,0.0,0.0002,7.45,1343,46.85,3
SS-A,LHS,200,0.0,0.0,0.0,0.0,0.0,0.0,0.0,0.0,0.0,0.0,0.0114,0.0105,0.0053,0.0021,0.0183,0.0,0.0,0.0,0.0,0.0001,14.89,1343,4.2,3
SS-A,LHS,250,0.05,0.0,0.1631,0.0,0.6667,0.0548,0.0,0.2235,0.0,1.0,0.01,0.0068,0.0065,0.0022,0.0183,0.0,0.0,0.0,0.0,0.0001,18.62,1343,6.25,3
SS-A,Random,50,0.05,0.0,0.1221,0.0,0.3333,0.125,0.0,0.3193,0.0,1.0,0.0134,0.0126,0.0056,0.0051,0.0244,0.0001,0.0,0.0002,0.0,0.0009,3.72,1343,2.9,3
SS-A,Random,100,0.1167,0.0,0.2236,0.0,0.6667,0.1153,0.0,0.2521,0.0,1.0,0.0093,0.0089,0.0054,0.0011,0.0183,0.0001,0.0,0.0001,0.0,0.0004,7.45,1343,4.0,3
SS-A,Random,200,0.25,0.3333,0.2836,0.0,1.0,0.2375,0.2917,0.2377,0.0,0.6667,0.0103,0.0093,0.0058,0.0019,0.0183,0.0,0.0,0.0,0.0,0.0001,14.89,1343,3.6,3
SS-A,Random,250,0.2333,0.3333,0.1904,0.0,0.6667,0.2725,0.25,0.2696,0.0,1.0,0.0096,0.009,0.0043,0.004,0.0182,0.0,0.0,0.0,0.0,0.0001,18.62,1343,3.7,3
SS-A,Sobol,50,0.0,0.0,0.0,0.0,0.0,0.0,0.0,0.0,0.0,0.0,0.0183,0.0183,0.0,0.0183,0.0183,0.0,0.0,0.0,0.0,0.0,3.72,1343,1.0,3
SS-A,Sobol,100,0.0,0.0,0.0,0.0,0.0,0.0,0.0,0.0,0.0,0.0,0.0144,0.0176,0.0051,0.0043,0.0183,0.0,0.0,0.0,0.0,0.0,7.45,1343,1.75,3
SS-A,Sobol,200,0.0167,0.0,0.0745,0.0,0.3333,0.0036,0.0,0.016,0.0,0.0714,0.01,0.0074,0.0061,0.002,0.0183,0.0,0.0,0.0,0.0,0.0001,14.89,1343,4.55,3
SS-A,Sobol,250,0.05,0.0,0.1221,0.0,0.3333,0.0262,0.0,0.0786,0.0,0.3333,0.0085,0.0057,0.0064,0.0021,0.0183,0.0,0.0,0.0,0.0,0.0001,18.62,1343,7.85,3
SS-A,Stratified,50,0.1167,0.0,0.1957,0.0,0.6667,0.2143,0.0,0.3744,0.0,1.0,0.0127,0.0126,0.0057,0.0015,0.0183,0.0,0.0,0.0,0.0,0.0001,3.72,1343,2.4,3
SS-A,Stratified,100,0.0833,0.0,0.1481,0.0,0.3333,0.1542,0.0,0.3202,0.0,1.0,0.0105,0.0091,0.005,0.0045,0.0183,0.0,0.0,0.0,0.0,0.0001,7.45,1343,2.65,3
SS-A,Stratified,200,0.1667,0.1667,0.171,0.0,0.3333,0.1829,0.0625,0.2577,0.0,1.0,0.0078,0.0067,0.0043,0.0027,0.0183,0.0,0.0,0.0,0.0,0.0001,14.89,1343,3.5,3
SS-A,Stratified,250,0.3333,0.3333,0.1873,0.0,0.6667,0.43,0.5,0.2706,0.0,1.0,0.0101,0.0083,0.005,0.0041,0.0183,0.0,0.0,0.0,0.0,0.0001,18.62,1343,2.65,3
SS-B,ActiveLearning,50,0.15,0.0,0.2856,0.0,1.0,0.2167,0.0,0.4086,0.0,1.0,0.04,0.0431,0.0115,0.011,0.0698,0.0028,0.0001,0.0052,0.0,0.0169,24.27,206,1.7,2
SS-B,ActiveLearning,100,0.35,0.0,0.4323,0.0,1.0,0.4071,0.0,0.4976,0.0,1.0,0.0307,0.0429,0.0188,0.0,0.0431,0.0008,0.0001,0.0029,0.0,0.0129,48.54,206,1.8,2
SS-B,Clustering,50,0.0,0.0,0.0,0.0,0.0,0.0,0.0,0.0,0.0,0.0,0.0431,0.0431,0.0001,0.0425,0.0431,0.0002,0.0001,0.0008,0.0001,0.0035,24.27,206,1.05,2
SS-B,Clustering,100,0.025,0.0,0.1118,0.0,0.5,0.0125,0.0,0.0559,0.0,0.25,0.0421,0.0431,0.0044,0.0233,0.0431,0.0002,0.0001,0.0005,0.0001,0.0025,48.54,206,1.3,2
SS-B,Diversity,50,0.4,0.5,0.2052,0.0,0.5,0.8,1.0,0.4104,0.0,1.0,0.0416,0.0431,0.0069,0.0123,0.0431,0.0001,0.0001,0.0003,0.0001,0.0015,24.27,206,1.05,2
SS-B,Diversity,100,0.425,0.5,0.1832,0.0,0.5,0.85,1.0,0.3663,0.0,1.0,0.043,0.0431,0.0001,0.0427,0.0431,0.0001,0.0001,0.0,0.0001,0.0001,48.54,206,1.15,2
SS-B,LHS,50,0.0,0.0,0.0,0.0,0.0,0.0,0.0,0.0,0.0,0.0,0.0431,0.0431,0.0044,0.0295,0.0563,0.0004,0.0001,0.0012,0.0,0.0055,24.27,206,1.2,2
SS-B,LHS,100,0.0,0.0,0.0,0.0,0.0,0.0,0.0,0.0,0.0,0.0,0.0389,0.0431,0.0087,0.0145,0.0431,0.0009,0.0001,0.0023,0.0001,0.0105,48.54,206,1.7,2
SS-B,Random,50,0.1,0.0,0.2052,0.0,0.5,0.2,0.0,0.4104,0.0,1.0,0.0401,0.0431,0.0076,0.0158,0.0431,0.0005,0.0001,0.001,0.0001,0.0034,24.27,206,1.25,2
SS-B,Random,100,0.45,0.5,0.3591,0.0,1.0,0.65,1.0,0.4617,0.0,1.0,0.0344,0.0431,0.0177,0.0,0.0431,0.0001,0.0001,0.0,0.0,0.0002,48.54,206,1.3,2
SS-B,Sobol,50,0.0,0.0,0.0,0.0,0.0,0.0,0.0,0.0,0.0,0.0,0.0412,0.0431,0.0061,0.0175,0.0431,0.0003,0.0001,0.0006,0.0001,0.0023,24.27,206,1.2,2
SS-B,Sobol,100,0.0,0.0,0.0,0.0,0.0,0.0,0.0,0.0,0.0,0.0,0.0406,0.0431,0.0054,0.0259,0.0431,0.0004,0.0001,0.0007,0.0001,0.0025,48.54,206,1.5,2
SS-B,Stratified,50,0.175,0.0,0.2936,0.0,1.0,0.23,0.0,0.4105,0.0,1.0,0.036,0.0431,0.0122,0.0072,0.0431,0.0011,0.0001,0.0031,0.0,0.0138,24.27,206,1.85,2
SS-B,Stratified,100,0.45,0.5,0.2763,0.0,1.0,0.775,1.0,0.4128,0.0,1.0,0.0363,0.0431,0.0146,0.0,0.0431,0.0003,0.0001,0.0007,0.0,0.003,48.54,206,1.25,2
SS-C,ActiveLearning,50,0.025,0.0,0.1118,0.0,0.5,0.05,0.0,0.2236,0.0,1.0,0.0356,0.0381,0.0123,0.0036,0.0449,0.0,0.0,0.0001,0.0,0.0003,3.31,1512,1.95,2
SS-C,ActiveLearning,100,0.0,0.0,0.0,0.0,0.0,0.0,0.0,0.0,0.0,0.0,0.0308,0.0351,0.0147,0.0031,0.0449,0.0001,0.0,0.0003,0.0,0.0015,6.61,1512,2.1,2
SS-C,ActiveLearning,200,0.025,0.0,0.1118,0.0,0.5,0.025,0.0,0.1118,0.0,0.5,0.031,0.0345,0.0121,0.0028,0.0449,0.0,0.0,0.0,0.0,0.0,13.23,1512,2.75,2
SS-C,ActiveLearning,250,0.05,0.0,0.2236,0.0,1.0,0.05,0.0,0.2236,0.0,1.0,0.0196,0.0182,0.0162,0.0,0.0449,0.0,0.0,0.0,0.0,0.0,16.53,1512,3.0,2
SS-C,Clustering,50,0.0,0.0,0.0,0.0,0.0,0.0,0.0,0.0,0.0,0.0,0.0296,0.0362,0.0177,0.0014,0.0449,0.0,0.0,0.0,0.0,0.0,3.31,1512,2.65,2
SS-C,Clustering,100,0.025,0.0,0.1118,0.0,0.5,0.0031,0.0,0.014,0.0,0.0625,0.0262,0.0449,0.0218,0.0007,0.0449,0.0,0.0,0.0,0.0,0.0,6.61,1512,3.5,2
SS-C,Clustering,200,0.0,0.0,0.0,0.0,0.0,0.0,0.0,0.0,0.0,0.0,0.0449,0.0449,0.0,0.0449,0.0449,0.0,0.0,0.0,0.0,0.0,13.23,1512,1.0,2
SS-C,Clustering,250,0.0,0.0,0.0,0.0,0.0,0.0,0.0,0.0,0.0,0.0,0.0449,0.0449,0.0,0.0449,0.0449,0.0,0.0,0.0,0.0,0.0,16.53,1512,1.0,2
SS-C,Diversity,50,0.0,0.0,0.0,0.0,0.0,0.0,0.0,0.0,0.0,0.0,0.0349,0.0449,0.0149,0.0021,0.0449,0.0,0.0,0.0,0.0,0.0,3.31,1512,3.9,2
SS-C,Diversity,100,0.0,0.0,0.0,0.0,0.0,0.0,0.0,0.0,0.0,0.0,0.038,0.0402,0.008,0.0223,0.0449,0.0,0.0,0.0,0.0,0.0,6.61,1512,2.05,2
SS-C,Diversity,200,0.0,0.0,0.0,0.0,0.0,0.0,0.0,0.0,0.0,0.0,0.0344,0.0341,0.0098,0.0157,0.0449,0.0,0.0,0.0,0.0,0.0,13.23,1512,4.4,2
SS-C,Diversity,250,0.0,0.0,0.0,0.0,0.0,0.0,0.0,0.0,0.0,0.0,0.0344,0.0356,0.0112,0.0149,0.0449,0.0,0.0,0.0,0.0,0.0,16.53,1512,3.15,2
SS-C,LHS,50,0.0,0.0,0.0,0.0,0.0,0.0,0.0,0.0,0.0,0.0,0.0393,0.0449,0.0124,0.0037,0.0449,0.0,0.0,0.0,0.0,0.0001,3.31,1512,12.05,2
SS-C,LHS,100,0.0,0.0,0.0,0.0,0.0,0.0,0.0,0.0,0.0,0.0,0.0416,0.0449,0.0104,0.0046,0.0449,0.0,0.0,0.0,0.0,0.0,6.61,1512,1.1,2
SS-C,LHS,200,0.0,0.0,0.0,0.0,0.0,0.0,0.0,0.0,0.0,0.0,0.0389,0.0449,0.0107,0.0073,0.0449,0.0,0.0,0.0,0.0,0.0,13.23,1512,3.6,2
SS-C,LHS,250,0.0,0.0,0.0,0.0,0.0,0.0,0.0,0.0,0.0,0.0,0.0301,0.032,0.0151,0.0038,0.0449,0.0,0.0,0.0,0.0,0.0,16.53,1512,13.25,2
SS-C,Random,50,0.05,0.0,0.1539,0.0,0.5,0.1,0.0,0.3078,0.0,1.0,0.0339,0.0403,0.0132,0.0007,0.0449,0.0,0.0,0.0,0.0,0.0,3.31,1512,2.45,2
SS-C,Random,100,0.075,0.0,0.1832,0.0,0.5,0.15,0.0,0.3663,0.0,1.0,0.0337,0.0359,0.0108,0.0137,0.0449,0.0,0.0,0.0,0.0,0.0,6.61,1512,2.35,2
SS-C,Random,200,0.175,0.0,0.2447,0.0,0.5,0.2292,0.0,0.3716,0.0,1.0,0.0269,0.0279,0.0125,0.0033,0.0449,0.0,0.0,0.0,0.0,0.0,13.23,1512,3.05,2
SS-C,Random,250,0.15,0.0,0.2351,0.0,0.5,0.1417,0.0,0.2664,0.0,1.0,0.0258,0.0252,0.0117,0.0063,0.0449,0.0,0.0,0.0,0.0,0.0,16.53,1512,3.65,2
SS-C,Sobol,50,0.05,0.0,0.2236,0.0,1.0,0.0006,0.0,0.0025,0.0,0.011,0.0316,0.0449,0.0166,0.0006,0.0449,0.0,0.0,0.0,0.0,0.0001,3.31,1512,21.25,2
SS-C,Sobol,100,0.0,0.0,0.0,0.0,0.0,0.0,0.0,0.0,0.0,0.0,0.0422,0.0449,0.0086,0.0096,0.0449,0.0,0.0,0.0,0.0,0.0,6.61,1512,8.85,2
SS-C,Sobol,200,0.0,0.0,0.0,0.0,0.0,0.0,0.0,0.0,0.0,0.0,0.043,0.0449,0.0072,0.0126,0.0449,0.0,0.0,0.0,0.0,0.0001,13.23,1512,1.1,2
SS-C,Sobol,250,0.0,0.0,0.0,0.0,0.0,0.0,0.0,0.0,0.0,0.0,0.0414,0.0449,0.0083,0.0135,0.0449,0.0,0.0,0.0,0.0,0.0,16.53,1512,1.2,2
SS-C,Stratified,50,0.025,0.0,0.1118,0.0,0.5,0.05,0.0,0.2236,0.0,1.0,0.031,0.0379,0.0147,0.004,0.0449,0.0,0.0,0.0,0.0,0.0,3.31,1512,3.3,2
SS-C,Stratified,100,0.125,0.0,0.2221,0.0,0.5,0.1667,0.0,0.3289,0.0,1.0,0.0342,0.0375,0.0118,0.0002,0.0449,0.0,0.0,0.0,0.0,0.0,6.61,1512,2.65,2
SS-C,Stratified,200,0.15,0.0,0.2856,0.0,1.0,0.1417,0.0,0.3107,0.0,1.0,0.0286,0.0292,0.0093,0.0001,0.0449,0.0,0.0,0.0,0.0,0.0,13.23,1512,2.85,2
SS-C,Stratified,250,0.125,0.0,0.2221,0.0,0.5,0.0875,0.0,0.161,0.0,0.5,0.0277,0.0283,0.0079,0.0054,0.039,0.0,0.0,0.0,0.0,0.0,16.53,1512,3.55,2
SS-I,ActiveLearning,50,0.05,0.0,0.2236,0.0,1.0,0.05,0.0,0.2236,0.0,1.0,0.1133,0.0012,0.1584,0.0,0.391,0.0326,0.0,0.0475,0.0,0.1412,4.63,1080,4.65,1
SS-I,ActiveLearning,100,0.15,0.0,0.3663,0.0,1.0,0.15,0.0,0.3663,0.0,1.0,0.0404,0.0,0.0979,0.0,0.3157,0.0106,0.0,0.0261,0.0,0.0855,9.26,1080,2.7,1
SS-I,ActiveLearning,200,0.5,0.5,0.513,0.0,1.0,0.5,0.5,0.513,0.0,1.0,0.0007,0.0,0.0016,0.0,0.0053,0.0,0.0,0.0,0.0,0.0001,18.52,1080,1.35,1
SS-I,ActiveLearning,250,0.8,1.0,0.4104,0.0,1.0,0.8,1.0,0.4104,0.0,1.0,0.0108,0.0,0.0475,0.0,0.2127,0.0027,0.0,0.012,0.0,0.0536,23.15,1080,1.2,1
SS-I,Clustering,50,0.3,0.0,0.4702,0.0,1.0,0.3,0.0,0.4702,0.0,1.0,0.0011,0.0,0.0026,0.0,0.0102,0.0,0.0,0.0001,0.0,0.0003,4.63,1080,1.3,1
SS-I,Clustering,100,0.7,1.0,0.4702,0.0,1.0,0.7,1.0,0.4702,0.0,1.0,0.0008,0.0,0.0025,0.0,0.0099,0.0,0.0,0.0001,0.0,0.0004,9.26,1080,1.15,1
SS-I,Clustering,200,0.8,1.0,0.4104,0.0,1.0,0.8,1.0,0.4104,0.0,1.0,0.0002,0.0,0.0005,0.0,0.0015,0.0,0.0,0.0,0.0,0.0,18.52,1080,1.15,1
SS-I,Clustering,250,1.0,1.0,0.0,1.0,1.0,1.0,1.0,0.0,1.0,1.0,0.0,0.0,0.0,0.0,0.0,0.0,0.0,0.0,0.0,0.0,23.15,1080,1.0,1
SS-I,Diversity,50,0.0,0.0,0.0,0.0,0.0,0.0,0.0,0.0,0.0,0.0,0.1778,0.2406,0.147,0.0,0.3273,0.0498,0.0665,0.0418,0.0,0.1012,4.63,1080,3.35,1
SS-I,Diversity,100,0.05,0.0,0.2236,0.0,1.0,0.05,0.0,0.2236,0.0,1.0,0.1823,0.287,0.1479,0.0,0.3333,0.0486,0.0706,0.0394,0.0,0.0896,9.26,1080,4.3,1
SS-I,Diversity,200,0.1,0.0,0.3078,0.0,1.0,0.1,0.0,0.3078,0.0,1.0,0.0013,0.0,0.0021,0.0,0.0064,0.0,0.0,0.0,0.0,0.0002,18.52,1080,1.35,1
SS-I,Diversity,250,0.0,0.0,0.0,0.0,0.0,0.0,0.0,0.0,0.0,0.0,0.0009,0.0,0.0018,0.0,0.0052,0.0,0.0,0.0,0.0,0.0001,23.15,1080,1.3,1
SS-I,LHS,50,0.0,0.0,0.0,0.0,0.0,0.0,0.0,0.0,0.0,0.0,0.0554,0.0,0.1121,0.0,0.3831,0.0173,0.0,0.0372,0.0,0.1424,4.63,1080,2.3,1
SS-I,LHS,100,0.0,0.0,0.0,0.0,0.0,0.0,0.0,0.0,0.0,0.0,0.0079,0.0,0.032,0.0,0.1434,0.002,0.0,0.0088,0.0,0.0395,9.26,1080,1.5,1
SS-I,LHS,200,0.0,0.0,0.0,0.0,0.0,0.0,0.0,0.0,0.0,0.0,0.001,0.0,0.0025,0.0,0.0088,0.0,0.0,0.0001,0.0,0.0003,18.52,1080,1.35,1
SS-I,LHS,250,0.0,0.0,0.0,0.0,0.0,0.0,0.0,0.0,0.0,0.0,0.0002,0.0,0.0007,0.0,0.0033,0.0,0.0,0.0,0.0,0.0,23.15,1080,1.2,1
SS-I,Random,50,0.05,0.0,0.2236,0.0,1.0,0.05,0.0,0.2236,0.0,1.0,0.1253,0.0852,0.1375,0.0,0.3322,0.0347,0.0237,0.0387,0.0,0.1076,4.63,1080,3.65,1
SS-I,Random,100,0.25,0.0,0.4443,0.0,1.0,0.25,0.0,0.4443,0.0,1.0,0.0186,0.0,0.0656,0.0,0.2888,0.0047,0.0,0.017,0.0,0.0747,9.26,1080,1.55,1
SS-I,Random,200,0.1,0.0,0.3078,0.0,1.0,0.1,0.0,0.3078,0.0,1.0,0.0014,0.0002,0.0021,0.0,0.0058,0.0,0.0,0.0,0.0,0.0001,18.52,1080,1.75,1
SS-I,Random,250,0.15,0.0,0.3663,0.0,1.0,0.15,0.0,0.3663,0.0,1.0,0.0017,0.0,0.0025,0.0,0.0081,0.0,0.0,0.0,0.0,0.0002,23.15,1080,1.9,1
SS-I,Sobol,50,0.0,0.0,0.0,0.0,0.0,0.0,0.0,0.0,0.0,0.0,0.0397,0.0,0.1068,0.0,0.3724,0.0135,0.0,0.0365,0.0,0.1386,4.63,1080,1.55,1
SS-I,Sobol,100,0.0,0.0,0.0,0.0,0.0,0.0,0.0,0.0,0.0,0.0,0.0008,0.0,0.0024,0.0,0.0083,0.0,0.0,0.0001,0.0,0.0003,9.26,1080,1.25,1
SS-I,Sobol,200,0.0,0.0,0.0,0.0,0.0,0.0,0.0,0.0,0.0,0.0,0.0009,0.0,0.002,0.0,0.0083,0.0,0.0,0.0001,0.0,0.0003,18.52,1080,1.35,1
SS-I,Sobol,250,0.05,0.0,0.2236,0.0,1.0,0.05,0.0,0.2236,0.0,1.0,0.0003,0.0,0.0008,0.0,0.0025,0.0,0.0,0.0,0.0,0.0001,23.15,1080,1.15,1
SS-I,Stratified,50,0.1,0.0,0.3078,0.0,1.0,0.1,0.0,0.3078,0.0,1.0,0.0288,0.0,0.0766,0.0,0.3185,0.0079,0.0,0.0205,0.0,0.0844,4.63,1080,1.35,1
SS-I,Stratified,100,0.05,0.0,0.2236,0.0,1.0,0.05,0.0,0.2236,0.0,1.0,0.0006,0.0,0.0013,0.0,0.0053,0.0,0.0,0.0,0.0,0.0001,9.26,1080,1.3,1
SS-I,Stratified,200,0.15,0.0,0.3663,0.0,1.0,0.15,0.0,0.3663,0.0,1.0,0.0017,0.0001,0.0028,0.0,0.0113,0.0,0.0,0.0,0.0,0.0001,18.52,1080,1.65,1
SS-I,Stratified,250,0.15,0.0,0.3663,0.0,1.0,0.15,0.0,0.3663,0.0,1.0,0.0011,0.0,0.0018,0.0,0.0055,0.0,0.0,0.0,0.0,0.0001,23.15,1080,1.3,1
SS-M,ActiveLearning,50,0.0929,0.0,0.1333,0.0,0.4286,0.2061,0.0,0.3616,0.0,1.0,0.005,0.0047,0.0019,0.0026,0.0104,0.0001,0.0,0.0001,0.0,0.0005,5.79,864,5.6,7
SS-M,ActiveLearning,100,0.0571,0.0,0.1077,0.0,0.4286,0.114,0.0,0.2484,0.0,1.0,0.0044,0.0042,0.0012,0.0023,0.0073,0.0001,0.0,0.0002,0.0,0.0006,11.57,864,4.05,7
SS-M,ActiveLearning,200,0.0929,0.0,0.1333,0.0,0.4286,0.1672,0.0,0.2664,0.0,1.0,0.0032,0.003,0.0007,0.0022,0.005,0.0001,0.0,0.0001,0.0,0.0004,23.15,864,5.7,7
SS-M,ActiveLearning,250,0.1429,0.1429,0.1537,0.0,0.5714,0.2325,0.1909,0.2735,0.0,1.0,0.0033,0.003,0.001,0.002,0.0062,0.0001,0.0001,0.0001,0.0,0.0002,28.94,864,7.0,7
SS-M,Clustering,50,0.2071,0.1429,0.15,0.0,0.4286,0.1672,0.1504,0.1474,0.0,0.5,0.0034,0.0034,0.0006,0.0024,0.0048,0.0001,0.0,0.0001,0.0,0.0004,5.79,864,14.3,7
SS-M,Clustering,100,0.1929,0.1429,0.1065,0.0,0.4286,0.3695,0.3333,0.2807,0.0,1.0,0.0032,0.003,0.0008,0.0023,0.0053,0.0001,0.0,0.0001,0.0,0.0003,11.57,864,5.1,7
SS-M,Clustering,200,0.2929,0.2857,0.157,0.0,0.5714,0.3779,0.3429,0.2648,0.0,0.8,0.0026,0.0026,0.0007,0.0015,0.0043,0.0001,0.0,0.0001,0.0,0.0003,23.15,864,7.75,7
SS-M,Clustering,250,0.3857,0.4286,0.174,0.0,0.7143,0.4291,0.4038,0.2872,0.0,1.0,0.0023,0.0022,0.0008,0.0006,0.0041,0.0,0.0,0.0001,0.0,0.0002,28.94,864,8.05,7
SS-M,Diversity,50,0.1571,0.1429,0.1026,0.0,0.2857,0.452,0.5,0.3858,0.0,1.0,0.004,0.0034,0.0015,0.002,0.0062,0.0,0.0,0.0,0.0,0.0001,5.79,864,4.9,7
SS-M,Diversity,100,0.2,0.1429,0.1421,0.0,0.4286,0.4261,0.5,0.3157,0.0,1.0,0.0034,0.0034,0.0009,0.0018,0.0053,0.0,0.0,0.0001,0.0,0.0002,11.57,864,4.2,7
SS-M,Diversity,200,0.2429,0.1429,0.1678,0.0,0.5714,0.4715,0.3667,0.3085,0.0,1.0,0.0035,0.003,0.0012,0.0021,0.0062,0.0,0.0,0.0001,0.0,0.0002,23.15,864,4.55,7
SS-M,Diversity,250,0.3786,0.4286,0.1689,0.1429,0.7143,0.4021,0.3333,0.2202,0.1429,0.75,0.0027,0.0023,0.0008,0.0018,0.0044,0.0,0.0,0.0001,0.0,0.0002,28.94,864,7.6,7
SS-M,LHS,50,0.1571,0.1429,0.1303,0.0,0.4286,0.2774,0.1825,0.3051,0.0,1.0,0.0039,0.0034,0.0012,0.0024,0.0062,0.0001,0.0,0.0001,0.0,0.0003,5.79,864,6.45,7
SS-M,LHS,100,0.1929,0.1429,0.1161,0.0,0.4286,0.3348,0.25,0.2971,0.0,1.0,0.0033,0.003,0.001,0.0019,0.0062,0.0001,0.0001,0.0001,0.0,0.0003,11.57,864,5.2,7
SS-M,LHS,200,0.4071,0.4286,0.1624,0.1429,0.7143,0.5734,0.5,0.2891,0.1111,1.0,0.0027,0.0024,0.001,0.001,0.0044,0.0,0.0,0.0,0.0,0.0001,23.15,864,6.15,7
SS-M,LHS,250,0.3929,0.3571,0.1663,0.1429,0.8571,0.4738,0.4451,0.2213,0.0833,1.0,0.0026,0.0024,0.0009,0.0011,0.0045,0.0,0.0,0.0001,0.0,0.0001,28.94,864,6.8,7
SS-M,Random,50,0.0786,0.0,0.1085,0.0,0.2857,0.1628,0.0,0.3131,0.0,1.0,0.0036,0.0037,0.0009,0.0021,0.0062,0.0001,0.0001,0.0001,0.0,0.0006,5.79,864,5.65,7
SS-M,Random,100,0.2286,0.2143,0.1343,0.0,0.4286,0.4006,0.2857,0.3083,0.0,1.0,0.0036,0.0035,0.0011,0.0022,0.0062,0.0001,0.0,0.0001,0.0,0.0002,11.57,864,5.6,7
SS-M,Random,200,0.25,0.2857,0.1726,0.0,0.5714,0.3296,0.275,0.2816,0.0,1.0,0.0028,0.0027,0.0005,0.0021,0.0038,0.0001,0.0,0.0001,0.0,0.0005,23.15,864,6.5,7
SS-M,Random,250,0.3714,0.3571,0.2194,0.1429,0.8571,0.4267,0.2967,0.3341,0.1111,1.0,0.0025,0.0024,0.001,0.0006,0.0049,0.0001,0.0,0.0001,0.0,0.0002,28.94,864,7.4,7
SS-M,Sobol,50,0.1071,0.0,0.1663,0.0,0.5714,0.2061,0.0,0.3281,0.0,1.0,0.0039,0.0037,0.001,0.0027,0.0062,0.0,0.0,0.0001,0.0,0.0003,5.79,864,4.8,7
SS-M,Sobol,100,0.1643,0.1429,0.1333,0.0,0.4286,0.3857,0.3333,0.3692,0.0,1.0,0.0032,0.0029,0.0012,0.002,0.0062,0.0,0.0,0.0001,0.0,0.0003,11.57,864,4.75,7
SS-M,Sobol,200,0.35,0.3571,0.1267,0.1429,0.5714,0.5204,0.45,0.2859,0.1429,1.0,0.0027,0.0025,0.0005,0.0022,0.004,0.0,0.0,0.0001,0.0,0.0002,23.15,864,5.55,7
SS-M,Sobol,250,0.3857,0.4286,0.186,0.0,0.7143,0.5062,0.5,0.279,0.0,1.0,0.0024,0.0024,0.0006,0.0016,0.0035,0.0001,0.0,0.0001,0.0,0.0004,28.94,864,6.0,7
SS-M,Stratified,50,0.0786,0.0,0.098,0.0,0.2857,0.1831,0.0,0.2742,0.0,1.0,0.0036,0.0033,0.0011,0.0022,0.0062,0.0,0.0,0.0001,0.0,0.0002,5.79,864,3.8,7
SS-M,Stratified,100,0.1214,0.0714,0.1412,0.0,0.4286,0.1478,0.0714,0.1875,0.0,0.5,0.0032,0.0031,0.0008,0.0022,0.0047,0.0,0.0,0.0001,0.0,0.0002,11.57,864,6.05,7
SS-M,Stratified,200,0.2429,0.2857,0.1612,0.0,0.5714,0.3877,0.3333,0.3508,0.0,1.0,0.0028,0.0026,0.0009,0.0015,0.0049,0.0,0.0,0.0,0.0,0.0001,23.15,864,6.7,7
SS-M,Stratified,250,0.3643,0.4286,0.1938,0.1429,0.7143,0.3953,0.3333,0.2656,0.0769,1.0,0.0026,0.0026,0.0007,0.0014,0.004,0.0001,0.0001,0.0001,0.0,0.0001,28.94,864,7.65,7
Wine_quality,ActiveLearning,50,0.0625,0.0,0.1966,0.0,0.75,0.0154,0.0,0.0535,0.0,0.2308,0.176,0.1712,0.0633,0.0584,0.3038,0.1257,0.1192,0.0796,0.0046,0.2594,3.13,1599,11.0,4
Wine_quality,ActiveLearning,100,0.3,0.125,0.3403,0.0,1.0,0.322,0.125,0.3801,0.0,1.0,0.1216,0.1166,0.054,0.0477,0.2806,0.0757,0.0527,0.0611,0.0017,0.2176,6.25,1599,5.35,4
Wine_quality,ActiveLearning,200,0.5,0.5,0.3717,0.0,1.0,0.6083,0.75,0.4189,0.0,1.0,0.0774,0.089,0.0492,0.0,0.1521,0.0357,0.0307,0.03,0.0,0.0939,12.51,1599,3.85,4
Wine_quality,ActiveLearning,250,0.5875,0.625,0.3828,0.0,1.0,0.6033,0.7083,0.4132,0.0,1.0,0.0498,0.0231,0.0553,0.0,0.154,0.0408,0.0094,0.0499,0.0,0.1283,15.63,1599,4.15,4
Wine_quality,Clustering,50,0.025,0.0,0.0769,0.0,0.25,0.0101,0.0,0.0377,0.0,0.1667,0.1661,0.1592,0.0491,0.0796,0.2578,0.0838,0.0753,0.0562,0.0042,0.2107,3.13,1599,9.75,4
Wine_quality,Clustering,100,0.1,0.0,0.1496,0.0,0.5,0.1403,0.0,0.2089,0.0,0.5,0.1332,0.1413,0.0279,0.0564,0.1672,0.0733,0.0411,0.0728,0.0001,0.1935,6.25,1599,5.4,4
Wine_quality,Clustering,200,0.35,0.25,0.1496,0.0,0.5,0.318,0.225,0.1828,0.0,0.6667,0.0874,0.0816,0.0247,0.0502,0.1409,0.0257,0.0222,0.0199,0.0051,0.095,12.51,1599,4.8,4
Wine_quality,Clustering,250,0.425,0.5,0.1175,0.25,0.5,0.3329,0.3333,0.1663,0.1111,0.6667,0.0674,0.0645,0.0166,0.0307,0.0962,0.0214,0.0193,0.0118,0.0019,0.0543,15.63,1599,5.8,4
Wine_quality,Diversity,50,0.0375,0.0,0.0916,0.0,0.25,0.0458,0.0,0.113,0.0,0.3333,0.0904,0.0781,0.0392,0.0177,0.1762,0.0577,0.0476,0.0403,0.0059,0.1535,3.13,1599,2.95,4
Wine_quality,Diversity,100,0.475,0.5,0.0769,0.25,0.5,0.6375,0.6667,0.1463,0.25,1.0,0.0445,0.0551,0.0328,0.0077,0.127,0.0338,0.0431,0.0238,0.0054,0.07,6.25,1599,3.05,4
Wine_quality,Diversity,200,0.5,0.5,0.0,0.5,0.5,0.645,0.6667,0.0686,0.4,0.6667,0.0226,0.0077,0.023,0.0077,0.0645,0.0191,0.0054,0.0213,0.0054,0.0539,12.51,1599,3.15,4
Wine_quality,Diversity,250,0.5,0.5,0.0,0.5,0.5,0.6667,0.6667,0.0,0.6667,0.6667,0.0077,0.0077,0.0,0.0077,0.0077,0.0054,0.0054,0.0,0.0054,0.0054,15.63,1599,3.0,4
Wine_quality,LHS,50,0.0,0.0,0.0,0.0,0.0,0.0,0.0,0.0,0.0,0.0,0.1402,0.1252,0.049,0.0813,0.2771,0.072,0.0541,0.0613,0.0019,0.2127,3.13,1599,6.95,4
Wine_quality,LHS,100,0.0,0.0,0.0,0.0,0.0,0.0,0.0,0.0,0.0,0.0,0.1197,0.1224,0.0278,0.0854,0.1967,0.0736,0.0875,0.0445,0.0019,0.1524,6.25,1599,6.0,4
Wine_quality,LHS,200,0.0,0.0,0.0,0.0,0.0,0.0,0.0,0.0,0.0,0.0,0.096,0.0885,0.0172,0.0781,0.1271,0.0716,0.0642,0.0271,0.0162,0.1244,12.51,1599,5.75,4
Wine_quality,LHS,250,0.0125,0.0,0.0559,0.0,0.25,0.0167,0.0,0.0745,0.0,0.3333,0.1032,0.1018,0.0112,0.0781,0.1192,0.0784,0.0734,0.016,0.0424,0.124,15.63,1599,4.6,4
Wine_quality,Random,50,0.0625,0.0,0.1375,0.0,0.5,0.0458,0.0,0.0992,0.0,0.3333,0.1493,0.1434,0.0562,0.0457,0.2633,0.0866,0.0561,0.0807,0.0041,0.2409,3.13,1599,7.75,4
Wine_quality,Random,100,0.15,0.0,0.2487,0.0,0.75,0.1186,0.0,0.21,0.0,0.6667,0.1329,0.1255,0.0408,0.0667,0.2361,0.0916,0.0967,0.0563,0.0199,0.2126,6.25,1599,6.55,4
Wine_quality,Random,200,0.1375,0.0,0.1898,0.0,0.5,0.1646,0.0,0.2364,0.0,0.6667,0.099,0.1065,0.0445,0.0123,0.1611,0.0467,0.0308,0.0482,0.0,0.1444,12.51,1599,4.4,4
Wine_quality,Random,250,0.1875,0.25,0.2127,0.0,0.75,0.2085,0.225,0.2207,0.0,0.6667,0.0886,0.0842,0.0434,0.0077,0.1501,0.0513,0.0469,0.0329,0.0048,0.0973,15.63,1599,4.6,4
Wine_quality,Sobol,50,0.0,0.0,0.0,0.0,0.0,0.0,0.0,0.0,0.0,0.0,0.1315,0.1175,0.061,0.0759,0.3544,0.0545,0.0304,0.072,0.0019,0.2944,3.13,1599,6.45,4
Wine_quality,Sobol,100,0.0,0.0,0.0,0.0,0.0,0.0,0.0,0.0,0.0,0.0,0.1215,0.1145,0.033,0.0803,0.2151,0.0616,0.0384,0.0625,0.0019,0.1869,6.25,1599,6.3,4
Wine_quality,Sobol,200,0.0,0.0,0.0,0.0,0.0,0.0,0.0,0.0,0.0,0.0,0.0991,0.0979,0.0168,0.0781,0.1415,0.0882,0.0803,0.0244,0.0593,0.124,12.51,1599,5.0,4
Wine_quality,Sobol,250,0.0,0.0,0.0,0.0,0.0,0.0,0.0,0.0,0.0,0.0,0.1037,0.1028,0.0099,0.0781,0.1271,0.0819,0.0803,0.0162,0.0593,0.1293,15.63,1599,4.85,4
Wine_quality,Stratified,50,0.125,0.0,0.2068,0.0,0.5,0.1,0.0,0.1611,0.0,0.4,0.1463,0.1346,0.0626,0.0621,0.293,0.0842,0.0426,0.0911,0.0034,0.3251,3.13,1599,6.9,4
Wine_quality,Stratified,100,0.125,0.0,0.2628,0.0,1.0,0.0875,0.0,0.1653,0.0,0.5,0.1397,0.1195,0.0602,0.0558,0.2728,0.0952,0.0873,0.0628,0.0127,0.213,6.25,1599,5.3,4
Wine_quality,Stratified,200,0.1875,0.0,0.2795,0.0,1.0,0.1471,0.0,0.1916,0.0,0.5,0.1158,0.1151,0.0377,0.0665,0.1982,0.1021,0.1012,0.0613,0.0044,0.2164,12.51,1599,5.5,4
Wine_quality,Stratified,250,0.25,0.25,0.2294,0.0,0.75,0.2493,0.2222,0.2452,0.0,0.75,0.089,0.0963,0.0347,0.0231,0.1347,0.0684,0.0569,0.041,0.0134,0.1516,15.63,1599,5.6,4
accessories,ActiveLearning,50,0.508,0.527,0.3775,0.027,0.979,0.6487,0.5954,0.1505,0.3993,0.973,0.0355,0.0294,0.0226,0.008,0.0903,0.3018,0.3466,0.1423,0.0293,0.5001,4.46,1121,569.55,666
accessories,ActiveLearning,100,0.3527,0.1329,0.3345,0.0285,0.9279,0.7209,0.6864,0.1365,0.5767,0.9429,0.0333,0.0293,0.0146,0.0104,0.059,0.2402,0.2899,0.1674,0.0191,0.5241,8.92,1121,384.55,666
accessories,ActiveLearning,200,0.2917,0.2192,0.2307,0.0435,0.7508,0.8027,0.8303,0.1093,0.5409,0.9375,0.035,0.0364,0.0207,0.0099,0.0799,0.1635,0.1833,0.14,0.0031,0.3765,17.84,1121,268.35,666
accessories,ActiveLearning,250,0.2298,0.1464,0.2225,0.042,0.7072,0.8547,0.8611,0.0847,0.6897,1.0,0.0267,0.027,0.0124,0.01,0.0428,0.102,0.0247,0.1248,0.0017,0.2963,22.3,1121,188.45,666
accessories,Clustering,50,0.4123,0.4812,0.2653,0.027,0.8018,0.6743,0.6478,0.099,0.5475,0.9259,0.0521,0.049,0.0203,0.0102,0.1033,0.263,0.3423,0.148,0.0027,0.375,4.46,1121,433.75,666
accessories,Clustering,100,0.3015,0.2245,0.2435,0.0255,0.7748,0.7992,0.85,0.1413,0.5751,0.9688,0.0447,0.045,0.0191,0.0122,0.0803,0.1331,0.0414,0.1495,0.0053,0.3633,8.92,1121,293.7,666
accessories,Clustering,200,0.1491,0.1044,0.1141,0.0571,0.5105,0.9485,0.9498,0.0251,0.9024,0.9853,0.0161,0.0132,0.0146,0.0003,0.071,0.0182,0.0079,0.0343,0.0007,0.1517,17.84,1121,105.3,666
accessories,Clustering,250,0.1637,0.1441,0.0879,0.0556,0.3408,0.953,0.9587,0.0273,0.8867,0.9925,0.0103,0.0093,0.0055,0.0018,0.0271,0.0159,0.0076,0.0187,0.0028,0.0545,22.3,1121,114.4,666
accessories,Diversity,50,0.1044,0.0593,0.0987,0.024,0.3739,0.8203,0.8232,0.0869,0.6755,1.0,0.019,0.0172,0.0096,0.0065,0.0391,0.0961,0.08,0.067,0.0198,0.2441,4.46,1121,88.75,666
accessories,Diversity,100,0.1387,0.1261,0.079,0.033,0.2673,0.9293,0.9468,0.0461,0.8519,0.9848,0.0138,0.015,0.0051,0.002,0.0214,0.0799,0.0991,0.035,0.0003,0.111,8.92,1121,101.15,666
accessories,Diversity,200,0.248,0.2545,0.1293,0.0465,0.536,0.9193,0.9306,0.0602,0.775,0.986,0.0081,0.0078,0.0065,0.0006,0.0286,0.0187,0.0075,0.022,0.003,0.0934,17.84,1121,180.1,666
accessories,Diversity,250,0.3018,0.3138,0.1035,0.1261,0.521,0.9416,0.9521,0.0512,0.7574,0.9889,0.0057,0.0036,0.0053,0.0001,0.0176,0.0173,0.0042,0.026,0.0007,0.0977,22.3,1121,213.75,666
accessories,LHS,50,0.1017,0.0751,0.0668,0.0255,0.2327,0.8319,0.863,0.1131,0.5309,0.9868,0.0299,0.0214,0.0291,0.0062,0.1251,0.1595,0.1651,0.1025,0.0216,0.3054,4.46,1121,85.9,666
accessories,LHS,100,0.1332,0.0728,0.1121,0.0315,0.3529,0.8954,0.8966,0.054,0.768,0.9783,0.0202,0.0191,0.0093,0.0045,0.0484,0.1313,0.0989,0.0938,0.0053,0.2588,8.92,1121,100.95,666
accessories,LHS,200,0.1922,0.1179,0.1359,0.0631,0.4384,0.9271,0.9333,0.0502,0.8198,1.0,0.0108,0.0086,0.0079,0.0001,0.0347,0.0338,0.0199,0.0372,0.0002,0.1101,17.84,1121,141.4,666
accessories,LHS,250,0.3259,0.298,0.1082,0.1862,0.5405,0.9463,0.9644,0.0526,0.8337,1.0,0.0062,0.007,0.0049,0.0,0.0156,0.0239,0.0191,0.0329,0.0001,0.1214,22.3,1121,233.2,666
accessories,Random,50,0.4324,0.4084,0.3395,0.018,0.9114,0.6627,0.63,0.0946,0.5569,0.8667,0.0502,0.0455,0.0255,0.0223,0.1169,0.2737,0.3289,0.1305,0.0006,0.4237,4.46,1121,471.85,666
accessories,Random,100,0.4332,0.5285,0.2614,0.0375,0.9084,0.6946,0.6224,0.1464,0.5214,0.9489,0.0485,0.0402,0.0312,0.0046,0.1028,0.2632,0.332,0.1354,0.0097,0.3881,8.92,1121,468.4,666
accessories,Random,200,0.3576,0.2372,0.2946,0.0375,0.8183,0.8093,0.8633,0.135,0.5659,0.9581,0.0396,0.0307,0.0235,0.0081,0.1022,0.1531,0.0476,0.1562,0.0087,0.4277,17.84,1121,331.9,666
accessories,Random,250,0.3261,0.2725,0.2176,0.0601,0.8423,0.9023,0.9177,0.083,0.6118,0.9784,0.0267,0.0218,0.0168,0.0006,0.0709,0.0809,0.0247,0.1188,0.0005,0.3657,22.3,1121,252.7,666
accessories,Sobol,50,0.1076,0.0968,0.0791,0.024,0.3754,0.8588,0.8857,0.0883,0.6098,0.9552,0.0274,0.0223,0.0222,0.0082,0.1098,0.1678,0.1983,0.1118,0.0071,0.3542,4.46,1121,88.75,666
accessories,Sobol,100,0.1326,0.1021,0.0822,0.042,0.2883,0.9172,0.9194,0.0415,0.8333,1.0,0.0159,0.0143,0.0098,0.0033,0.0442,0.0883,0.0743,0.0756,0.0021,0.275,8.92,1121,97.05,666
accessories,Sobol,200,0.2823,0.3033,0.1071,0.0826,0.4234,0.9383,0.942,0.0442,0.8249,1.0,0.008,0.0086,0.0062,0.0005,0.0207,0.0458,0.0341,0.0437,0.0002,0.1563,17.84,1121,202.3,666
accessories,Sobol,250,0.2931,0.2673,0.0973,0.1081,0.4655,0.9654,0.9702,0.0354,0.8587,1.0,0.0086,0.0088,0.0057,0.0007,0.0195,0.0392,0.0195,0.0437,0.0003,0.1559,22.3,1121,204.25,666
accessories,Stratified,50,0.3776,0.4662,0.2803,0.0315,0.9114,0.7215,0.663,0.1354,0.5619,0.9388,0.0563,0.0498,0.0301,0.0185,0.1223,0.2342,0.2958,0.1498,0.0063,0.4004,4.46,1121,400.1,666
accessories,Stratified,100,0.3629,0.4354,0.2768,0.0315,0.7538,0.7206,0.6253,0.1466,0.5653,0.9559,0.0437,0.0457,0.0239,0.0078,0.1002,0.2312,0.2896,0.1307,0.0078,0.3635,8.92,1121,384.25,666
accessories,Stratified,200,0.3026,0.289,0.2063,0.0586,0.6817,0.8747,0.9215,0.1208,0.5832,0.9756,0.03,0.0249,0.0203,0.0072,0.0736,0.0945,0.0145,0.1336,0.0011,0.3563,17.84,1121,258.75,666
accessories,Stratified,250,0.2242,0.2177,0.1177,0.0871,0.4474,0.9377,0.9528,0.0426,0.8052,0.985,0.0169,0.0115,0.016,0.0017,0.0601,0.0437,0.0129,0.0793,0.0003,0.2717,22.3,1121,160.35,666
auto93,ActiveLearning,50,0.3,0.2692,0.2041,0.0,0.6154,0.2622,0.2427,0.1866,0.0,0.6667,0.1968,0.1463,0.0959,0.1196,0.3756,0.0702,0.0517,0.0568,0.0054,0.2299,12.56,398,21.4,13
auto93,ActiveLearning,100,0.25,0.1923,0.1849,0.0,0.6154,0.2052,0.1835,0.1244,0.0,0.5,0.1681,0.1539,0.0591,0.0892,0.3376,0.0558,0.0528,0.0368,0.0031,0.1382,25.13,398,18.95,13
auto93,ActiveLearning,200,0.3115,0.3462,0.1355,0.0769,0.5385,0.2905,0.2565,0.1672,0.0588,0.6667,0.1451,0.1483,0.0414,0.0597,0.2264,0.0545,0.0369,0.0399,0.0077,0.1219,50.25,398,16.55,13
auto93,ActiveLearning,250,0.4077,0.4231,0.1299,0.2308,0.6154,0.4643,0.4773,0.2361,0.1842,1.0,0.1419,0.1391,0.0172,0.1188,0.188,0.068,0.0731,0.0435,0.0016,0.1266,62.81,398,14.4,13
auto93,Clustering,50,0.1692,0.1538,0.1133,0.0,0.4615,0.1816,0.1165,0.2371,0.0,1.0,0.1541,0.1301,0.0857,0.0991,0.4712,0.0516,0.0391,0.0392,0.0039,0.1511,12.56,398,18.65,13
auto93,Clustering,100,0.2538,0.2308,0.071,0.0769,0.3846,0.3692,0.3818,0.128,0.1429,0.6,0.1598,0.1578,0.0256,0.132,0.2468,0.0702,0.097,0.0454,0.0017,0.1099,25.13,398,9.4,13
auto93,Clustering,200,0.4038,0.3846,0.0784,0.3077,0.6154,0.5019,0.5,0.0839,0.3846,0.7,0.1289,0.1282,0.005,0.12,0.1416,0.0278,0.0091,0.0314,0.0001,0.0787,50.25,398,10.5,13
auto93,Clustering,250,0.6423,0.6154,0.0573,0.4615,0.6923,0.9392,0.95,0.0698,0.75,1.0,0.121,0.1205,0.0049,0.1134,0.1284,0.1044,0.1051,0.004,0.0953,0.109,62.81,398,8.9,13
auto93,Diversity,50,0.2115,0.1538,0.093,0.0769,0.4615,0.2864,0.2614,0.1675,0.0714,0.75,0.1537,0.1506,0.0205,0.1174,0.2094,0.0817,0.0855,0.0367,0.003,0.1267,12.56,398,12.0,13
auto93,Diversity,100,0.4769,0.4615,0.1238,0.3077,0.6923,0.6395,0.625,0.1319,0.3636,0.8889,0.1496,0.1464,0.0227,0.1178,0.188,0.0985,0.1148,0.0309,0.0137,0.1264,25.13,398,10.1,13
auto93,Diversity,200,0.5808,0.6154,0.0682,0.4615,0.6923,0.7681,0.7889,0.1039,0.5455,0.9,0.133,0.1359,0.007,0.1143,0.1392,0.0785,0.1135,0.0532,0.0001,0.1261,50.25,398,9.9,13
auto93,Diversity,250,0.6154,0.6154,0.0558,0.5385,0.6923,0.804,0.8,0.0718,0.6667,0.9,0.1336,0.1359,0.0062,0.1145,0.1392,0.1182,0.1178,0.0054,0.1115,0.1307,62.81,398,10.0,13
auto93,LHS,50,0.1731,0.1538,0.1576,0.0,0.6923,0.2296,0.1396,0.2521,0.0,1.0,0.2336,0.229,0.0724,0.1027,0.3928,0.1264,0.1325,0.0521,0.0039,0.2522,12.56,398,22.7,13
auto93,LHS,100,0.2615,0.2308,0.1041,0.0769,0.5385,0.346,0.25,0.2439,0.0909,1.0,0.1725,0.1682,0.038,0.1335,0.311,0.0621,0.0626,0.0358,0.0045,0.1248,25.13,398,14.2,13
auto93,LHS,200,0.45,0.4615,0.1418,0.2308,0.6923,0.4876,0.4702,0.158,0.1765,0.8571,0.1387,0.143,0.0288,0.0412,0.1806,0.0807,0.0919,0.0349,0.0025,0.1222,50.25,398,12.55,13
auto93,LHS,250,0.6231,0.6154,0.1026,0.4615,0.9231,0.8187,0.8091,0.1548,0.4615,1.0,0.1281,0.1336,0.0247,0.0278,0.1443,0.097,0.1017,0.0233,0.0015,0.1113,62.81,398,10.2,13
auto93,Random,50,0.2808,0.3077,0.1698,0.0,0.6154,0.2238,0.2053,0.1092,0.0,0.5,0.145,0.1491,0.0347,0.0682,0.1957,0.0697,0.0714,0.0381,0.002,0.1308,12.56,398,17.05,13
auto93,Random,100,0.3346,0.3462,0.1418,0.0,0.5385,0.3847,0.3529,0.2238,0.0,0.8333,0.1472,0.1412,0.0429,0.0587,0.2555,0.0665,0.0828,0.0433,0.007,0.1287,25.13,398,13.1,13
auto93,Random,200,0.5538,0.5769,0.1186,0.3077,0.6923,0.6575,0.6417,0.1881,0.3636,1.0,0.1022,0.1138,0.0424,0.0149,0.169,0.0538,0.0398,0.0462,0.0017,0.124,50.25,398,11.35,13
auto93,Random,250,0.6923,0.6923,0.0998,0.5385,0.9231,0.7847,0.7692,0.1156,0.5294,1.0,0.082,0.0838,0.0498,0.009,0.139,0.0529,0.0456,0.0464,0.0014,0.1102,62.81,398,11.7,13
auto93,Sobol,50,0.2038,0.1154,0.177,0.0,0.6154,0.2013,0.1446,0.1638,0.0,0.6667,0.2293,0.21,0.0503,0.1531,0.3172,0.1287,0.1286,0.0439,0.0228,0.1992,12.56,398,21.1,13
auto93,Sobol,100,0.2038,0.1923,0.1204,0.0769,0.4615,0.2584,0.2034,0.1885,0.05,0.6667,0.2006,0.1888,0.057,0.1444,0.3477,0.0785,0.0873,0.0392,0.002,0.1363,25.13,398,14.45,13
auto93,Sobol,200,0.4231,0.4615,0.1014,0.2308,0.5385,0.593,0.6515,0.2181,0.16,0.8571,0.1447,0.1444,0.0129,0.1271,0.1711,0.0939,0.1033,0.033,0.0114,0.1227,50.25,398,10.6,13
auto93,Sobol,250,0.6462,0.6154,0.1233,0.4615,1.0,0.7652,0.8091,0.1478,0.5,1.0,0.1268,0.1316,0.0249,0.0292,0.1496,0.0959,0.1007,0.0229,0.0101,0.1237,62.81,398,11.45,13
auto93,Stratified,50,0.2769,0.2308,0.1485,0.0769,0.6154,0.2207,0.224,0.0983,0.0714,0.4,0.1534,0.142,0.0551,0.0918,0.349,0.0717,0.0792,0.0454,0.0029,0.1396,12.56,398,18.35,13
auto93,Stratified,100,0.3538,0.3846,0.0947,0.1538,0.4615,0.3403,0.3125,0.1448,0.1667,0.7143,0.1324,0.1377,0.0439,0.0344,0.1964,0.0615,0.0619,0.0433,0.0037,0.1197,25.13,398,14.85,13
auto93,Stratified,200,0.5385,0.4615,0.1518,0.2308,0.7692,0.5673,0.6,0.1694,0.2143,0.9,0.0828,0.0721,0.0449,0.0341,0.1627,0.0353,0.0079,0.0446,0.0,0.126,50.25,398,12.75,13
auto93,Stratified,250,0.6692,0.6923,0.1119,0.3846,0.8462,0.6865,0.7033,0.1861,0.4118,1.0,0.0772,0.0676,0.0491,0.0143,0.1537,0.0499,0.036,0.0392,0.0023,0.1215,62.81,398,13.3,13
coc1000,ActiveLearning,50,0.201,0.2049,0.1435,0.0139,0.6319,0.2015,0.1991,0.0796,0.0833,0.3488,0.3011,0.3019,0.021,0.2666,0.3402,0.3092,0.3041,0.0626,0.1822,0.4295,5.0,1000,150.8,144
coc1000,ActiveLearning,100,0.2517,0.2847,0.134,0.0417,0.4653,0.2417,0.2494,0.0507,0.1387,0.3226,0.244,0.248,0.014,0.2039,0.2639,0.2118,0.2146,0.0402,0.1352,0.2805,10.0,1000,152.95,144
coc1000,ActiveLearning,200,0.2111,0.2014,0.0665,0.1042,0.3472,0.3121,0.3279,0.0778,0.1648,0.459,0.1874,0.1859,0.0118,0.1611,0.208,0.1281,0.1238,0.0265,0.0613,0.1812,20.0,1000,103.65,144
coc1000,ActiveLearning,250,0.2271,0.2118,0.0707,0.1319,0.3681,0.3071,0.2996,0.0523,0.2202,0.4173,0.171,0.1699,0.0117,0.1468,0.1903,0.108,0.1026,0.0307,0.0619,0.2067,25.0,1000,109.35,144
coc1000,Clustering,50,0.2771,0.2708,0.1161,0.0972,0.4375,0.239,0.2222,0.0668,0.1497,0.4146,0.2864,0.281,0.0206,0.257,0.3352,0.2837,0.2898,0.0684,0.1733,0.3878,5.0,1000,183.65,144
coc1000,Clustering,100,0.2118,0.1979,0.0729,0.0972,0.3889,0.2929,0.3104,0.0609,0.1547,0.3837,0.2248,0.2236,0.0143,0.2023,0.2526,0.1901,0.1868,0.0394,0.1176,0.2788,10.0,1000,109.55,144
coc1000,Clustering,200,0.2378,0.2465,0.054,0.1458,0.3542,0.4099,0.418,0.0823,0.1976,0.5362,0.17,0.1678,0.0137,0.1489,0.1964,0.1056,0.1061,0.029,0.0629,0.1819,20.0,1000,85.7,144
coc1000,Clustering,250,0.2427,0.2396,0.0419,0.1806,0.3472,0.4288,0.432,0.0511,0.3398,0.5244,0.1481,0.1522,0.0124,0.1204,0.1641,0.0812,0.0761,0.0262,0.0481,0.1358,25.0,1000,82.15,144
coc1000,Diversity,50,0.1594,0.0625,0.1715,0.0347,0.4861,0.2956,0.29,0.0764,0.1918,0.4348,0.2829,0.2814,0.0193,0.2475,0.3104,0.2438,0.2491,0.0455,0.1432,0.3132,5.0,1000,95.1,144
coc1000,Diversity,100,0.1028,0.0972,0.0196,0.0764,0.1389,0.3836,0.3801,0.0648,0.2895,0.5263,0.2234,0.2229,0.0151,0.1938,0.2525,0.1569,0.1533,0.0302,0.117,0.2255,10.0,1000,38.6,144
coc1000,Diversity,200,0.2323,0.2326,0.0193,0.2014,0.2778,0.5018,0.5041,0.0474,0.4203,0.5932,0.1565,0.1585,0.0113,0.1254,0.1743,0.1073,0.1121,0.0152,0.0759,0.1295,20.0,1000,66.95,144
coc1000,Diversity,250,0.2889,0.2917,0.0178,0.25,0.3264,0.5722,0.5683,0.0604,0.4744,0.6923,0.1336,0.1339,0.0078,0.1215,0.1514,0.0849,0.0858,0.0131,0.0643,0.1053,25.0,1000,73.2,144
coc1000,LHS,50,0.2795,0.2743,0.1127,0.1389,0.5208,0.2313,0.2325,0.0526,0.1302,0.331,0.2908,0.2904,0.0246,0.2529,0.3523,0.2869,0.2858,0.0603,0.1991,0.4618,5.0,1000,184.65,144
coc1000,LHS,100,0.2118,0.2257,0.0629,0.1181,0.375,0.2896,0.2912,0.056,0.1714,0.3684,0.2165,0.2141,0.0158,0.1931,0.2507,0.174,0.1668,0.0393,0.1188,0.2348,10.0,1000,110.0,144
coc1000,LHS,200,0.267,0.2431,0.0793,0.1736,0.4583,0.4199,0.4084,0.0653,0.3209,0.5972,0.1621,0.164,0.0139,0.141,0.1957,0.0972,0.0908,0.024,0.0449,0.1464,20.0,1000,92.55,144
coc1000,LHS,250,0.2997,0.2778,0.0489,0.2361,0.3958,0.4509,0.4557,0.0588,0.3364,0.5616,0.1442,0.1459,0.0094,0.124,0.1592,0.0899,0.0839,0.0192,0.0578,0.1385,25.0,1000,96.9,144
coc1000,Random,50,0.2271,0.2257,0.111,0.0347,0.4167,0.2463,0.2409,0.073,0.1515,0.4091,0.2827,0.2815,0.0228,0.2361,0.3364,0.2711,0.2797,0.0685,0.1249,0.405,5.0,1000,150.15,144
coc1000,Random,100,0.2188,0.2292,0.0772,0.0972,0.3542,0.3144,0.3031,0.0848,0.1858,0.5,0.229,0.2288,0.0155,0.2054,0.2545,0.206,0.2154,0.0504,0.0994,0.3038,10.0,1000,109.05,144
coc1000,Random,200,0.2583,0.2465,0.0611,0.1597,0.3542,0.4333,0.4259,0.0694,0.3026,0.5543,0.1654,0.1655,0.0112,0.1459,0.1849,0.0969,0.0949,0.0268,0.0528,0.1545,20.0,1000,86.4,144
coc1000,Random,250,0.2726,0.2674,0.0489,0.2083,0.4028,0.4554,0.4416,0.0781,0.3191,0.6212,0.1534,0.1533,0.0098,0.1346,0.1721,0.0939,0.0938,0.0247,0.0437,0.1414,25.0,1000,87.75,144
coc1000,Sobol,50,0.3184,0.3194,0.1067,0.1319,0.6667,0.2214,0.221,0.0465,0.1424,0.3222,0.2757,0.2759,0.0208,0.2354,0.3173,0.2715,0.2734,0.0627,0.1533,0.3771,5.0,1000,215.45,144
coc1000,Sobol,100,0.1997,0.2083,0.0672,0.0764,0.3264,0.3015,0.3026,0.0773,0.1653,0.4576,0.2209,0.2215,0.0156,0.1971,0.2485,0.1713,0.1715,0.0339,0.0999,0.2339,10.0,1000,99.85,144
coc1000,Sobol,200,0.2837,0.2917,0.058,0.1806,0.3889,0.3907,0.381,0.0529,0.2857,0.4719,0.1655,0.1636,0.0123,0.1425,0.1889,0.1155,0.1281,0.0311,0.0361,0.1512,20.0,1000,105.8,144
coc1000,Sobol,250,0.2913,0.2778,0.0471,0.1944,0.3889,0.4558,0.4444,0.0653,0.3451,0.6081,0.1437,0.1442,0.01,0.1279,0.1674,0.0906,0.0908,0.019,0.0577,0.1253,25.0,1000,93.2,144
coc1000,Stratified,50,0.2917,0.2917,0.153,0.0417,0.5625,0.2441,0.2463,0.0563,0.1304,0.3548,0.2933,0.2876,0.0293,0.2468,0.3711,0.2927,0.2881,0.069,0.1551,0.4357,5.0,1000,179.3,144
coc1000,Stratified,100,0.2378,0.2465,0.1212,0.0625,0.4722,0.2961,0.2901,0.057,0.1698,0.3939,0.2225,0.2244,0.0124,0.2018,0.2447,0.1771,0.1797,0.039,0.0945,0.2341,10.0,1000,117.8,144
coc1000,Stratified,200,0.2503,0.2465,0.0573,0.1667,0.3681,0.4229,0.4101,0.0806,0.284,0.6275,0.1703,0.1721,0.0148,0.1452,0.1995,0.1086,0.1086,0.0377,0.0307,0.1794,20.0,1000,89.7,144
coc1000,Stratified,250,0.2774,0.2708,0.0378,0.2153,0.3611,0.4484,0.4277,0.0707,0.3486,0.6234,0.1525,0.1508,0.0129,0.1252,0.1827,0.098,0.0942,0.031,0.0471,0.1627,25.0,1000,90.3,144
home_data,ActiveLearning,50,0.1833,0.1667,0.1313,0.0,0.5,0.1804,0.042,0.3178,0.0,1.0,0.4047,0.3766,0.1263,0.267,0.8437,0.3121,0.3391,0.187,0.0093,0.6621,3.42,1460,31.45,6
home_data,ActiveLearning,100,0.475,0.5,0.1647,0.1667,0.8333,0.7361,1.0,0.3816,0.0667,1.0,0.249,0.2384,0.0775,0.1136,0.5237,0.1389,0.0311,0.1743,0.003,0.4721,6.85,1460,7.1,6
home_data,ActiveLearning,200,0.575,0.5,0.1008,0.5,0.8333,1.0,1.0,0.0,1.0,1.0,0.1921,0.2073,0.0438,0.0775,0.2488,0.0244,0.0203,0.0185,0.0006,0.0759,13.7,1460,3.45,6
home_data,ActiveLearning,250,0.55,0.5,0.0784,0.5,0.6667,1.0,1.0,0.0,1.0,1.0,0.1914,0.2098,0.0442,0.099,0.2386,0.0241,0.0233,0.0113,0.0056,0.0475,17.12,1460,3.3,6
home_data,Clustering,50,0.45,0.5,0.1631,0.1667,0.6667,0.0348,0.0284,0.024,0.0089,0.0909,0.3964,0.3948,0.082,0.2693,0.5768,0.5959,0.6301,0.1239,0.2782,0.8123,3.42,1460,101.95,6
home_data,Clustering,100,0.3167,0.3333,0.2016,0.0,0.8333,0.3105,0.0489,0.4071,0.0,1.0,0.4624,0.3936,0.1806,0.2654,0.8437,0.4625,0.4333,0.1557,0.0934,0.7302,6.85,1460,45.05,6
home_data,Clustering,200,0.3167,0.3333,0.1068,0.1667,0.5,0.4433,0.45,0.1436,0.1,0.75,0.2824,0.2652,0.093,0.1577,0.5073,0.1572,0.0303,0.1739,0.006,0.4907,13.7,1460,5.35,6
home_data,Clustering,250,0.3417,0.3333,0.1265,0.0,0.5,0.4537,0.5,0.1457,0.0,0.6667,0.2302,0.2198,0.052,0.1524,0.3482,0.0672,0.0221,0.1128,0.0002,0.3867,17.12,1460,6.65,6
home_data,Diversity,50,0.3583,0.3333,0.0611,0.3333,0.5,0.5698,0.6333,0.109,0.4,0.6667,0.2323,0.2285,0.018,0.2121,0.2836,0.0241,0.0209,0.0166,0.0005,0.0647,3.42,1460,3.95,6
home_data,Diversity,100,0.4083,0.3333,0.1144,0.3333,0.6667,0.4726,0.4643,0.1062,0.2857,0.6667,0.2192,0.2201,0.0256,0.1517,0.2414,0.0351,0.0366,0.0154,0.0002,0.0583,6.85,1460,5.25,6
home_data,Diversity,200,0.6833,0.6667,0.1068,0.5,0.8333,0.6952,0.6667,0.1534,0.5,1.0,0.1196,0.1159,0.0353,0.0638,0.1543,0.0147,0.016,0.0113,0.0003,0.0369,13.7,1460,6.0,6
home_data,Diversity,250,0.6667,0.6667,0.1081,0.5,0.8333,0.6626,0.6667,0.0965,0.5,1.0,0.1317,0.153,0.0298,0.0623,0.1543,0.012,0.0101,0.0078,0.001,0.0269,17.12,1460,6.05,6
home_data,LHS,50,0.4,0.5,0.1368,0.0,0.5,0.2007,0.1208,0.1912,0.0,0.6,0.3735,0.3866,0.0745,0.2587,0.4869,0.4169,0.506,0.2186,0.0203,0.7009,3.42,1460,31.8,6
home_data,LHS,100,0.4583,0.5,0.074,0.3333,0.5,0.3865,0.25,0.2612,0.0833,0.75,0.2914,0.2808,0.0552,0.1765,0.4214,0.2611,0.3748,0.2178,0.0028,0.5246,6.85,1460,11.65,6
home_data,LHS,200,0.6417,0.6667,0.0611,0.5,0.6667,0.7575,0.8,0.1017,0.4286,0.8,0.1887,0.1836,0.0164,0.1756,0.2386,0.0167,0.0173,0.0103,0.0,0.0359,13.7,1460,5.15,6
home_data,LHS,250,0.6417,0.6667,0.0816,0.5,0.8333,0.7708,0.8,0.105,0.3333,0.8333,0.1809,0.1757,0.0148,0.146,0.2179,0.0268,0.0183,0.039,0.0002,0.187,17.12,1460,5.1,6
home_data,Random,50,0.275,0.3333,0.2043,0.0,0.6667,0.058,0.024,0.1449,0.0,0.6667,0.3785,0.3799,0.0757,0.1862,0.5031,0.4914,0.549,0.1965,0.0538,0.7327,3.42,1460,55.35,6
home_data,Random,100,0.3,0.3333,0.2066,0.0,0.6667,0.091,0.075,0.1144,0.0,0.5,0.3466,0.3383,0.0701,0.2304,0.5058,0.4029,0.4218,0.158,0.0462,0.6615,6.85,1460,36.15,6
home_data,Random,200,0.3333,0.3333,0.223,0.0,1.0,0.1495,0.0799,0.1806,0.0,0.6667,0.3279,0.3157,0.0641,0.2458,0.5603,0.3814,0.4718,0.1754,0.0119,0.5749,13.7,1460,26.9,6
home_data,Random,250,0.3167,0.3333,0.142,0.1667,0.6667,0.1509,0.0926,0.1517,0.0238,0.5,0.3061,0.3016,0.0507,0.2001,0.4068,0.3999,0.4646,0.1552,0.0308,0.6035,17.12,1460,25.2,6
home_data,Sobol,50,0.35,0.3333,0.152,0.0,0.6667,0.1473,0.0952,0.1455,0.0,0.5,0.3739,0.366,0.0729,0.2427,0.5029,0.4662,0.5223,0.198,0.0056,0.6772,3.42,1460,23.3,6
home_data,Sobol,100,0.4333,0.5,0.1257,0.1667,0.6667,0.4073,0.4,0.2735,0.0588,0.8,0.2957,0.2982,0.0487,0.1792,0.3848,0.2243,0.0892,0.2151,0.0043,0.4973,6.85,1460,10.3,6
home_data,Sobol,200,0.5833,0.6667,0.1268,0.3333,0.8333,0.7044,0.8,0.2129,0.1538,1.0,0.2093,0.1906,0.0466,0.12,0.327,0.0683,0.0172,0.1286,0.0017,0.4261,13.7,1460,5.65,6
home_data,Sobol,250,0.6333,0.6667,0.0684,0.5,0.6667,0.79,0.8,0.0205,0.75,0.8,0.1863,0.1831,0.0194,0.1683,0.2443,0.0177,0.0108,0.0166,0.0017,0.0544,17.12,1460,4.8,6
home_data,Stratified,50,0.2833,0.25,0.1957,0.0,0.6667,0.0666,0.037,0.0897,0.0,0.3333,0.3775,0.3688,0.0454,0.3084,0.4739,0.4715,0.4567,0.1562,0.153,0.6993,3.42,1460,65.65,6
home_data,Stratified,100,0.2917,0.3333,0.1611,0.0,0.6667,0.1252,0.0616,0.2177,0.0,1.0,0.3561,0.3433,0.0719,0.2432,0.5411,0.3669,0.3637,0.1817,0.0704,0.6688,6.85,1460,28.4,6
home_data,Stratified,200,0.3667,0.3333,0.1389,0.1667,0.6667,0.2529,0.1056,0.2883,0.0312,1.0,0.2984,0.2652,0.1514,0.104,0.8437,0.3625,0.4122,0.1604,0.0518,0.5765,13.7,1460,23.65,6
home_data,Stratified,250,0.3833,0.3333,0.2484,0.0,1.0,0.1605,0.0931,0.1715,0.0,0.6,0.2462,0.2423,0.0614,0.0722,0.3485,0.3171,0.3571,0.123,0.0129,0.4965,17.12,1460,25.9,6
pom3d,ActiveLearning,50,0.0857,0.0,0.1077,0.0,0.2857,0.1092,0.0,0.1598,0.0,0.5,0.1881,0.1802,0.0634,0.0473,0.3071,0.0435,0.0345,0.0369,0.0021,0.1155,10.0,500,7.55,7
pom3d,ActiveLearning,100,0.1071,0.1429,0.1215,0.0,0.4286,0.126,0.0889,0.1815,0.0,0.6667,0.1465,0.1557,0.05,0.0365,0.2243,0.0243,0.0204,0.0204,0.0016,0.0866,20.0,500,7.35,7
pom3d,ActiveLearning,200,0.3,0.2857,0.153,0.1429,0.7143,0.2591,0.1667,0.2349,0.0714,1.0,0.0661,0.0426,0.0497,0.0145,0.1604,0.0348,0.0406,0.0178,0.0017,0.0628,40.0,500,9.95,7
pom3d,ActiveLearning,250,0.4429,0.4286,0.1458,0.1429,0.7143,0.4327,0.3485,0.2837,0.125,1.0,0.0278,0.0229,0.0181,0.0091,0.0954,0.0229,0.0255,0.0182,0.0007,0.0524,50.0,500,9.3,7
pom3d,Clustering,50,0.05,0.0,0.0699,0.0,0.1429,0.0925,0.0,0.1426,0.0,0.5,0.1735,0.1709,0.0565,0.0643,0.2921,0.0177,0.014,0.015,0.0002,0.0657,10.0,500,5.65,7
pom3d,Clustering,100,0.2357,0.2143,0.1412,0.0,0.4286,0.3193,0.225,0.262,0.0,1.0,0.148,0.1479,0.0641,0.0431,0.2528,0.0165,0.0154,0.0099,0.0031,0.038,20.0,500,6.4,7
pom3d,Clustering,200,0.5214,0.5714,0.1333,0.2857,0.7143,0.5597,0.5,0.2694,0.1333,1.0,0.146,0.1586,0.0354,0.019,0.1772,0.0243,0.0247,0.0094,0.006,0.0395,40.0,500,7.55,7
pom3d,Clustering,250,0.5857,0.5714,0.1458,0.2857,0.8571,0.5106,0.5,0.1866,0.1538,1.0,0.1245,0.135,0.048,0.0206,0.1806,0.0262,0.0266,0.0064,0.0162,0.0427,50.0,500,8.5,7
pom3d,Diversity,50,0.1214,0.1429,0.0523,0.0,0.1429,0.102,0.1111,0.0537,0.0,0.1667,0.1562,0.1602,0.0287,0.0965,0.216,0.0125,0.0084,0.0108,0.0,0.0415,10.0,500,8.8,7
pom3d,Diversity,100,0.15,0.1429,0.0864,0.0,0.2857,0.1235,0.1181,0.0919,0.0,0.4,0.1249,0.1396,0.0557,0.0315,0.2641,0.0161,0.0143,0.01,0.0011,0.04,20.0,500,9.4,7
pom3d,Diversity,200,0.3643,0.3571,0.1763,0.1429,0.7143,0.3156,0.2792,0.2582,0.0833,1.0,0.094,0.1265,0.064,0.0126,0.1649,0.0254,0.0241,0.0062,0.0101,0.0371,40.0,500,9.55,7
pom3d,Diversity,250,0.4714,0.4286,0.174,0.1429,0.7143,0.4626,0.3485,0.3126,0.0909,1.0,0.0376,0.0175,0.046,0.0091,0.1354,0.0184,0.0231,0.0118,0.0,0.0332,50.0,500,8.65,7
pom3d,LHS,50,0.1214,0.1429,0.1486,0.0,0.5714,0.2026,0.1339,0.2447,0.0,0.6667,0.1914,0.1929,0.0658,0.0177,0.2804,0.0287,0.0255,0.0231,0.0018,0.1092,10.0,500,6.0,7
pom3d,LHS,100,0.1929,0.1429,0.1926,0.0,0.7143,0.2569,0.225,0.2567,0.0,1.0,0.1469,0.1518,0.0663,0.0321,0.2935,0.0262,0.0187,0.0193,0.0033,0.0828,20.0,500,6.5,7
pom3d,LHS,200,0.3571,0.2857,0.2047,0.0,0.7143,0.3708,0.3095,0.2569,0.0,1.0,0.1028,0.0951,0.0792,0.008,0.2497,0.028,0.0268,0.0134,0.0045,0.0589,40.0,500,7.45,7
pom3d,LHS,250,0.4857,0.5,0.1697,0.1429,0.8571,0.5121,0.5,0.2153,0.1429,1.0,0.0928,0.0679,0.08,0.011,0.2564,0.0245,0.029,0.0129,0.0006,0.0417,50.0,500,6.95,7
pom3d,Random,50,0.1357,0.1429,0.157,0.0,0.5714,0.1599,0.1181,0.2122,0.0,0.8,0.1648,0.1755,0.0707,0.0277,0.2914,0.0262,0.0182,0.0236,0.0026,0.0853,10.0,500,7.0,7
pom3d,Random,100,0.2,0.1429,0.1495,0.0,0.5714,0.2572,0.2,0.2552,0.0,1.0,0.1369,0.1412,0.0647,0.0199,0.2687,0.0204,0.0229,0.0123,0.0011,0.046,20.0,500,6.9,7
pom3d,Random,200,0.3929,0.3571,0.1904,0.0,0.7143,0.4319,0.3542,0.2918,0.0,1.0,0.0946,0.1214,0.066,0.0124,0.1702,0.0224,0.0253,0.0139,0.0014,0.0475,40.0,500,7.35,7
pom3d,Random,250,0.5214,0.5,0.2035,0.1429,1.0,0.558,0.5278,0.2717,0.0833,1.0,0.1054,0.1566,0.0803,0.0,0.2592,0.0188,0.0235,0.0133,0.0003,0.0347,50.0,500,7.35,7
pom3d,Sobol,50,0.1071,0.1429,0.1123,0.0,0.2857,0.1791,0.1548,0.207,0.0,0.6667,0.1835,0.1802,0.0532,0.0475,0.2734,0.0308,0.024,0.0252,0.0035,0.0829,10.0,500,6.15,7
pom3d,Sobol,100,0.1857,0.1429,0.1235,0.0,0.4286,0.2826,0.2917,0.2164,0.0,0.75,0.1738,0.1654,0.046,0.0672,0.2664,0.0218,0.0226,0.0108,0.0012,0.0391,20.0,500,5.55,7
pom3d,Sobol,200,0.3429,0.2857,0.1759,0.0,0.5714,0.3873,0.3667,0.235,0.0,1.0,0.1117,0.1554,0.0703,0.0117,0.2071,0.0245,0.0285,0.0119,0.002,0.0436,40.0,500,6.75,7
pom3d,Sobol,250,0.4286,0.4286,0.1854,0.1429,0.7143,0.4426,0.4365,0.2127,0.1,0.8,0.0919,0.1104,0.0708,0.008,0.1977,0.0248,0.0258,0.0108,0.002,0.0416,50.0,500,7.1,7
pom3d,Stratified,50,0.0857,0.0714,0.0972,0.0,0.2857,0.1439,0.05,0.2074,0.0,0.6667,0.1741,0.182,0.0497,0.0585,0.2673,0.0203,0.0164,0.0148,0.0011,0.0607,10.0,500,6.15,7
pom3d,Stratified,100,0.1857,0.1429,0.186,0.0,0.5714,0.1917,0.1548,0.2012,0.0,0.6667,0.1363,0.155,0.0468,0.0281,0.1829,0.0225,0.0176,0.018,0.0003,0.0662,20.0,500,8.4,7
pom3d,Stratified,200,0.3143,0.2857,0.1944,0.0,0.7143,0.3532,0.2361,0.3064,0.0,1.0,0.1346,0.1408,0.0725,0.0174,0.2645,0.0232,0.0261,0.0102,0.0035,0.0362,40.0,500,8.1,7
pom3d,Stratified,250,0.45,0.4286,0.1689,0.1429,0.7143,0.4949,0.4365,0.2486,0.1111,1.0,0.0784,0.0304,0.0763,0.0091,0.2707,0.0201,0.0229,0.015,0.0011,0.0526,50.0,500,7.0,7
