dataset,method,sample_pct,recall_mean,recall_median,recall_std,recall_min,recall_max,precision_mean,precision_median,precision_std,precision_min,precision_max,igd_mean,igd_median,igd_std,igd_min,igd_max,hv_diff_mean,hv_diff_median,hv_diff_std,hv_diff_min,hv_diff_max,pred_pf_size_mean,true_pf_size_first
SS-A,ActiveLearning,5,0.0833,0.0,0.2388,0.0,1.0,0.1088,0.0,0.3073,0.0,1.0,0.0131,0.0166,0.006,0.0016,0.0183,0.0001,0.0,0.0002,0.0,0.0007,3.05,3
SS-A,ActiveLearning,10,0.0667,0.0,0.1744,0.0,0.6667,0.1,0.0,0.2616,0.0,1.0,0.0096,0.0065,0.0057,0.0018,0.0183,0.0,0.0,0.0001,0.0,0.0005,3.3,3
SS-A,ActiveLearning,20,0.15,0.0,0.2531,0.0,0.6667,0.1917,0.0,0.3345,0.0,1.0,0.0089,0.0071,0.0051,0.0033,0.0183,0.0,0.0,0.0,0.0,0.0,3.5,3
SS-A,ActiveLearning,30,0.2167,0.0,0.3111,0.0,1.0,0.2492,0.0,0.3813,0.0,1.0,0.0082,0.0074,0.0038,0.004,0.0183,0.0,0.0,0.0,0.0,0.0,3.8,3
SS-A,Clustering,5,0.05,0.0,0.2236,0.0,1.0,0.0065,0.0,0.0292,0.0,0.1304,0.005,0.0055,0.0025,0.0011,0.0127,0.0,0.0,0.0,0.0,0.0,9.95,3
SS-A,Clustering,10,0.2333,0.0,0.3262,0.0,1.0,0.1079,0.0,0.2284,0.0,1.0,0.0086,0.0064,0.0066,0.0011,0.0183,0.0,0.0,0.0,0.0,0.0001,9.6,3
SS-A,Clustering,20,0.6333,0.6667,0.1026,0.3333,0.6667,0.3583,0.4,0.141,0.1667,0.5,0.0045,0.004,0.0015,0.004,0.0104,0.0,0.0,0.0,0.0,0.0,6.55,3
SS-A,Clustering,30,0.1333,0.0,0.2942,0.0,1.0,0.0473,0.0,0.1007,0.0,0.3333,0.007,0.006,0.0037,0.0029,0.018,0.0,0.0,0.0,0.0,0.0001,6.8,3
SS-A,Diversity,5,0.0333,0.0,0.1491,0.0,0.6667,0.02,0.0,0.0894,0.0,0.4,0.0145,0.0156,0.0045,0.0061,0.0183,0.0,0.0,0.0,0.0,0.0,1.9,3
SS-A,Diversity,10,0.0,0.0,0.0,0.0,0.0,0.0,0.0,0.0,0.0,0.0,0.0131,0.0154,0.0056,0.0033,0.0183,0.0,0.0,0.0,0.0,0.0001,2.05,3
SS-A,Diversity,20,0.1333,0.0,0.2269,0.0,0.6667,0.1162,0.0,0.2424,0.0,1.0,0.0099,0.0075,0.0056,0.0037,0.0183,0.0,0.0,0.0,0.0,0.0001,5.25,3
SS-A,Diversity,30,0.15,0.0,0.2016,0.0,0.6667,0.0912,0.0,0.1207,0.0,0.25,0.011,0.0087,0.0062,0.0032,0.0183,0.0,0.0,0.0,0.0,0.0001,6.05,3
SS-A,LHS,5,0.0167,0.0,0.0745,0.0,0.3333,0.05,0.0,0.2236,0.0,1.0,0.0151,0.0183,0.0046,0.0061,0.0183,0.0,0.0,0.0,0.0,0.0,1.4,3
SS-A,LHS,10,0.05,0.0,0.2236,0.0,1.0,0.0017,0.0,0.0076,0.0,0.0341,0.0142,0.0183,0.0058,0.0018,0.0183,0.0,0.0,0.0,0.0,0.0001,14.45,3
SS-A,LHS,20,0.25,0.0,0.3222,0.0,1.0,0.1337,0.0,0.2208,0.0,0.75,0.0099,0.0093,0.0047,0.0022,0.0183,0.0,0.0,0.0,0.0,0.0001,8.25,3
SS-A,LHS,30,0.3167,0.3333,0.2957,0.0,1.0,0.3375,0.3333,0.2816,0.0,0.75,0.0075,0.0081,0.0028,0.0005,0.0104,0.0,0.0,0.0,0.0,0.0,3.35,3
SS-A,NSGA-II,5,0.2667,0.3333,0.2052,0.0,0.6667,0.3408,0.3333,0.2995,0.0,1.0,0.0145,0.014,0.0098,0.0002,0.0375,0.0171,0.0114,0.0168,0.0002,0.0506,2.8,3
SS-A,NSGA-II,10,0.35,0.3333,0.2752,0.0,1.0,0.4542,0.4167,0.3722,0.0,1.0,0.0098,0.0068,0.0067,0.0,0.0238,0.0133,0.0094,0.0126,0.0,0.0379,3.0,3
SS-A,NSGA-II,20,0.6667,0.6667,0.2163,0.3333,1.0,0.7768,1.0,0.298,0.25,1.0,0.0031,0.004,0.0019,0.0,0.0062,0.0043,0.0002,0.005,0.0,0.011,2.85,3
SS-A,NSGA-II,30,0.9167,1.0,0.1481,0.6667,1.0,0.975,1.0,0.1118,0.5,1.0,0.0008,0.0,0.0017,0.0,0.004,0.0006,0.0,0.0025,0.0,0.011,2.85,3
SS-A,NoModel,5,0.0333,0.0,0.1026,0.0,0.3333,0.075,0.0,0.2447,0.0,1.0,0.0325,0.0273,0.0152,0.0062,0.0592,0.0442,0.0413,0.0169,0.011,0.0715,2.65,3
SS-A,NoModel,10,0.0167,0.0,0.0745,0.0,0.3333,0.025,0.0,0.1118,0.0,0.5,0.0246,0.0214,0.0118,0.0085,0.0599,0.0346,0.0333,0.0149,0.008,0.0714,3.25,3
SS-A,NoModel,20,0.1833,0.0,0.2288,0.0,0.6667,0.2058,0.0,0.284,0.0,1.0,0.0115,0.0086,0.0071,0.004,0.0266,0.0153,0.011,0.0125,0.0002,0.0406,3.2,3
SS-A,NoModel,30,0.3167,0.3333,0.1701,0.0,0.6667,0.3517,0.2917,0.2415,0.0,1.0,0.0105,0.0083,0.0074,0.0028,0.0303,0.0151,0.0112,0.0115,0.0,0.0439,3.05,3
SS-A,Random,5,0.05,0.0,0.1221,0.0,0.3333,0.1167,0.0,0.3111,0.0,1.0,0.0118,0.0099,0.0048,0.0053,0.0183,0.0001,0.0,0.0002,0.0,0.0008,3.1,3
SS-A,Random,10,0.1667,0.0,0.2757,0.0,1.0,0.145,0.0,0.2234,0.0,0.75,0.0093,0.0085,0.0044,0.0041,0.0183,0.0,0.0,0.0,0.0,0.0001,3.5,3
SS-A,Random,20,0.2167,0.1667,0.2709,0.0,1.0,0.2583,0.1667,0.2985,0.0,1.0,0.0082,0.0095,0.0032,0.0038,0.0135,0.0,0.0,0.0,0.0,0.0001,2.9,3
SS-A,Random,30,0.35,0.3333,0.2752,0.0,1.0,0.325,0.25,0.2836,0.0,1.0,0.0071,0.0071,0.0031,0.0022,0.0125,0.0,0.0,0.0,0.0,0.0,3.55,3
SS-A,SWAY,5,0.35,0.1667,0.4254,0.0,1.0,0.3583,0.1667,0.4233,0.0,1.0,0.019,0.0166,0.0187,0.0,0.0748,0.0253,0.0262,0.0238,0.0,0.0855,3.0,3
SS-A,SWAY,10,0.6167,1.0,0.487,0.0,1.0,0.6167,1.0,0.487,0.0,1.0,0.0071,0.0,0.0091,0.0,0.0213,0.0109,0.0,0.0139,0.0,0.0315,2.9,3
SS-A,SWAY,20,0.75,1.0,0.4443,0.0,1.0,0.75,1.0,0.4443,0.0,1.0,0.004,0.0,0.0071,0.0,0.0186,0.0065,0.0,0.0115,0.0,0.0278,3.0,3
SS-A,SWAY,30,0.95,1.0,0.2236,0.0,1.0,0.95,1.0,0.2236,0.0,1.0,0.0008,0.0,0.0036,0.0,0.0162,0.0012,0.0,0.0055,0.0,0.0246,3.0,3
SS-A,Sobol,5,0.05,0.0,0.2236,0.0,1.0,0.001,0.0,0.0044,0.0,0.0197,0.0168,0.0183,0.004,0.0046,0.0183,0.0,0.0,0.0,0.0,0.0001,8.7,3
SS-A,Sobol,10,0.05,0.0,0.2236,0.0,1.0,0.0017,0.0,0.0076,0.0,0.0341,0.0131,0.0183,0.0063,0.0017,0.0183,0.0,0.0,0.0,0.0,0.0,10.1,3
SS-A,Sobol,20,0.1333,0.0,0.2942,0.0,1.0,0.0279,0.0,0.0695,0.0,0.2857,0.0107,0.0089,0.0057,0.0032,0.0183,0.0,0.0,0.0,0.0,0.0001,8.05,3
SS-A,Sobol,30,0.25,0.3333,0.2388,0.0,0.6667,0.3,0.3333,0.2682,0.0,0.6667,0.0081,0.0081,0.0021,0.004,0.0104,0.0,0.0,0.0,0.0,0.0,3.4,3
SS-A,Stratified,5,0.0833,0.0,0.1834,0.0,0.6667,0.1225,0.0,0.308,0.0,1.0,0.0132,0.018,0.006,0.0038,0.0183,0.0,0.0,0.0,0.0,0.0,2.65,3
SS-A,Stratified,10,0.1833,0.0,0.2531,0.0,0.6667,0.1583,0.0,0.2549,0.0,1.0,0.0108,0.0099,0.0049,0.0032,0.0183,0.0,0.0,0.0,0.0,0.0001,3.0,3
SS-A,Stratified,20,0.2,0.3333,0.1994,0.0,0.6667,0.2042,0.25,0.205,0.0,0.5,0.0084,0.0083,0.0044,0.0018,0.0181,0.0,0.0,0.0,0.0,0.0001,3.35,3
SS-A,Stratified,30,0.3667,0.3333,0.2394,0.0,0.6667,0.4196,0.3333,0.3508,0.0,1.0,0.0071,0.0058,0.0046,0.001,0.0183,0.0,0.0,0.0,0.0,0.0001,3.25,3
SS-B,ActiveLearning,5,0.075,0.0,0.2447,0.0,1.0,0.0556,0.0,0.2237,0.0,1.0,0.0479,0.0431,0.0202,0.0335,0.1216,0.0031,0.0001,0.0068,0.0001,0.024,3.25,2
SS-B,ActiveLearning,10,0.05,0.0,0.1539,0.0,0.5,0.0667,0.0,0.232,0.0,1.0,0.0517,0.0431,0.0299,0.0245,0.1607,0.0073,0.0001,0.0178,0.0001,0.0718,1.85,2
SS-B,ActiveLearning,20,0.075,0.0,0.2447,0.0,1.0,0.1,0.0,0.3078,0.0,1.0,0.0445,0.0426,0.0269,0.0091,0.1512,0.0049,0.0013,0.0141,0.0,0.0634,1.95,2
SS-B,ActiveLearning,30,0.075,0.0,0.2447,0.0,1.0,0.1,0.0,0.3078,0.0,1.0,0.0409,0.0431,0.0096,0.0,0.0431,0.0007,0.0001,0.0023,0.0,0.0104,1.2,2
SS-B,Clustering,5,0.0,0.0,0.0,0.0,0.0,0.0,0.0,0.0,0.0,0.0,0.043,0.0431,0.0002,0.0426,0.0431,0.0001,0.0001,0.0001,0.0001,0.0004,1.2,2
SS-B,Clustering,10,0.025,0.0,0.1118,0.0,0.5,0.0083,0.0,0.0373,0.0,0.1667,0.0386,0.0431,0.0161,0.0074,0.0581,0.0013,0.0003,0.0016,0.0,0.0041,2.05,2
SS-B,Clustering,20,0.075,0.0,0.1832,0.0,0.5,0.0255,0.0,0.0629,0.0,0.2,0.0439,0.0431,0.0071,0.0331,0.0726,0.0011,0.0001,0.0022,0.0001,0.0092,2.0,2
SS-B,Clustering,30,0.025,0.0,0.1118,0.0,0.5,0.01,0.0,0.0447,0.0,0.2,0.0429,0.0431,0.0004,0.0415,0.0431,0.0003,0.0001,0.0006,0.0001,0.0025,1.35,2
SS-B,Diversity,5,0.275,0.5,0.2552,0.0,0.5,0.55,1.0,0.5104,0.0,1.0,0.0433,0.0431,0.0026,0.0355,0.0492,0.0006,0.0001,0.0013,0.0001,0.0041,1.15,2
SS-B,Diversity,10,0.4,0.5,0.2052,0.0,0.5,0.8,1.0,0.4104,0.0,1.0,0.0431,0.0431,0.0001,0.0425,0.0431,0.0002,0.0001,0.0006,0.0001,0.0027,1.05,2
SS-B,Diversity,20,0.35,0.5,0.2351,0.0,0.5,0.7,1.0,0.4702,0.0,1.0,0.043,0.0431,0.0002,0.0426,0.0431,0.0001,0.0001,0.0002,0.0001,0.0009,1.2,2
SS-B,Diversity,30,0.35,0.5,0.2351,0.0,0.5,0.7,1.0,0.4702,0.0,1.0,0.0412,0.0431,0.0058,0.0241,0.0431,0.0004,0.0001,0.0009,0.0001,0.003,1.1,2
SS-B,LHS,5,0.0,0.0,0.0,0.0,0.0,0.0,0.0,0.0,0.0,0.0,0.0618,0.0431,0.0321,0.0425,0.1609,0.0128,0.0001,0.0342,0.0001,0.1552,2.05,2
SS-B,LHS,10,0.025,0.0,0.1118,0.0,0.5,0.01,0.0,0.0447,0.0,0.2,0.0464,0.0431,0.0071,0.0425,0.0657,0.0017,0.0001,0.0029,0.0001,0.0078,1.7,2
SS-B,LHS,20,0.0,0.0,0.0,0.0,0.0,0.0,0.0,0.0,0.0,0.0,0.0409,0.0431,0.0071,0.013,0.0431,0.0004,0.0001,0.0007,0.0001,0.0024,1.25,2
SS-B,LHS,30,0.025,0.0,0.1118,0.0,0.5,0.05,0.0,0.2236,0.0,1.0,0.0425,0.0431,0.0025,0.032,0.0431,0.0008,0.0001,0.0028,0.0,0.0125,1.3,2
SS-B,NSGA-II,5,0.15,0.0,0.2351,0.0,0.5,0.275,0.0,0.4435,0.0,1.0,0.1906,0.159,0.1368,0.0425,0.4969,0.2361,0.225,0.1654,0.001,0.5542,1.35,2
SS-B,NSGA-II,10,0.3,0.5,0.2991,0.0,1.0,0.525,0.75,0.4993,0.0,1.0,0.1039,0.0425,0.0856,0.0,0.2733,0.1337,0.0772,0.1178,0.0,0.3511,1.25,2
SS-B,NSGA-II,20,0.725,1.0,0.3432,0.0,1.0,0.875,1.0,0.3193,0.0,1.0,0.0346,0.0,0.0614,0.0,0.2477,0.033,0.0,0.0793,0.0,0.2926,1.7,2
SS-B,NSGA-II,30,0.925,1.0,0.1832,0.5,1.0,0.95,1.0,0.1539,0.5,1.0,0.0064,0.0,0.0156,0.0,0.0425,0.0075,0.0,0.023,0.0,0.0748,1.95,2
SS-B,NoModel,5,0.075,0.0,0.1832,0.0,0.5,0.125,0.0,0.3193,0.0,1.0,0.3266,0.3763,0.1708,0.0425,0.5914,0.3786,0.4268,0.1801,0.001,0.5996,1.35,2
SS-B,NoModel,10,0.05,0.0,0.1539,0.0,0.5,0.1,0.0,0.3078,0.0,1.0,0.2693,0.2804,0.1415,0.0425,0.5681,0.3265,0.3585,0.1539,0.001,0.5914,1.5,2
SS-B,NoModel,20,0.225,0.0,0.2552,0.0,0.5,0.45,0.0,0.5104,0.0,1.0,0.1563,0.1112,0.1224,0.0425,0.3882,0.1894,0.1558,0.1615,0.001,0.4609,1.25,2
SS-B,NoModel,30,0.275,0.0,0.3432,0.0,1.0,0.45,0.0,0.5104,0.0,1.0,0.1357,0.1112,0.1191,0.0,0.3802,0.1703,0.1558,0.1484,0.0,0.4343,1.3,2
SS-B,Random,5,0.1,0.0,0.2052,0.0,0.5,0.1562,0.0,0.3647,0.0,1.0,0.0521,0.0431,0.0334,0.0156,0.1762,0.0078,0.0001,0.018,0.0,0.0777,2.2,2
SS-B,Random,10,0.1,0.0,0.2052,0.0,0.5,0.2,0.0,0.4104,0.0,1.0,0.0426,0.0431,0.0021,0.0335,0.0431,0.0001,0.0001,0.0001,0.0001,0.0006,1.05,2
SS-B,Random,20,0.225,0.0,0.2552,0.0,0.5,0.3125,0.0,0.4282,0.0,1.0,0.0377,0.0431,0.0099,0.0176,0.0431,0.0007,0.0001,0.001,0.0001,0.0031,1.65,2
SS-B,Random,30,0.3,0.25,0.3403,0.0,1.0,0.5,0.5,0.513,0.0,1.0,0.0364,0.0431,0.0141,0.0004,0.0431,0.0002,0.0001,0.0005,0.0,0.0017,1.35,2
SS-B,SWAY,5,0.65,0.5,0.3663,0.0,1.0,0.85,1.0,0.3663,0.0,1.0,0.0506,0.0425,0.0837,0.0,0.2806,0.044,0.001,0.113,0.0,0.3587,1.45,2
SS-B,SWAY,10,0.525,0.5,0.4128,0.0,1.0,0.7,1.0,0.4702,0.0,1.0,0.0948,0.0425,0.1247,0.0,0.3634,0.1077,0.001,0.1606,0.0,0.4404,1.45,2
SS-B,SWAY,20,0.675,1.0,0.4375,0.0,1.0,0.75,1.0,0.4443,0.0,1.0,0.0813,0.0,0.1312,0.0,0.3634,0.0945,0.0,0.1684,0.0,0.4404,1.6,2
SS-B,SWAY,30,0.875,1.0,0.3193,0.0,1.0,0.9,1.0,0.3078,0.0,1.0,0.0302,0.0,0.0862,0.0,0.2806,0.0359,0.0,0.1104,0.0,0.3587,1.85,2
SS-B,Sobol,5,0.0,0.0,0.0,0.0,0.0,0.0,0.0,0.0,0.0,0.0,0.054,0.0431,0.0222,0.0425,0.1215,0.0081,0.0001,0.0175,0.0001,0.0767,1.75,2
SS-B,Sobol,10,0.0,0.0,0.0,0.0,0.0,0.0,0.0,0.0,0.0,0.0,0.0423,0.0431,0.0111,0.0142,0.076,0.0011,0.0001,0.0033,0.0001,0.0145,1.25,2
SS-B,Sobol,20,0.0,0.0,0.0,0.0,0.0,0.0,0.0,0.0,0.0,0.0,0.0406,0.0431,0.0064,0.0174,0.0431,0.0003,0.0001,0.0005,0.0,0.0022,1.5,2
SS-B,Sobol,30,0.0,0.0,0.0,0.0,0.0,0.0,0.0,0.0,0.0,0.0,0.0402,0.0431,0.0091,0.0145,0.0523,0.0005,0.0001,0.0015,0.0001,0.0066,1.4,2
SS-B,Stratified,5,0.05,0.0,0.1539,0.0,0.5,0.1,0.0,0.3078,0.0,1.0,0.0453,0.0431,0.0073,0.0425,0.0719,0.0017,0.0001,0.0052,0.0,0.0225,1.35,2
SS-B,Stratified,10,0.175,0.0,0.2447,0.0,0.5,0.325,0.0,0.4667,0.0,1.0,0.0429,0.0431,0.0006,0.0403,0.0431,0.0001,0.0001,0.0002,0.0001,0.001,1.15,2
SS-B,Stratified,20,0.175,0.0,0.2447,0.0,0.5,0.325,0.0,0.4667,0.0,1.0,0.0409,0.0431,0.0063,0.0171,0.0431,0.0003,0.0001,0.0008,0.0001,0.0037,1.3,2
SS-B,Stratified,30,0.25,0.0,0.3035,0.0,1.0,0.3446,0.0,0.4564,0.0,1.0,0.034,0.0431,0.015,0.0042,0.0484,0.0007,0.0001,0.0013,0.0,0.0053,1.8,2
Wine_quality,ActiveLearning,5,0.1375,0.0,0.2497,0.0,0.75,0.1771,0.0,0.3665,0.0,1.0,0.156,0.1435,0.0662,0.0569,0.2713,0.1004,0.0882,0.0716,0.0059,0.2058,6.9,4
Wine_quality,ActiveLearning,10,0.3625,0.25,0.3759,0.0,1.0,0.3742,0.2667,0.4016,0.0,1.0,0.0955,0.1058,0.0592,0.0,0.1952,0.0685,0.068,0.0506,0.0,0.1508,5.0,4
Wine_quality,ActiveLearning,20,0.7625,1.0,0.367,0.0,1.0,0.7339,1.0,0.3993,0.0,1.0,0.0262,0.0,0.0356,0.0,0.1017,0.0145,0.0,0.0293,0.0,0.1191,4.5,4
Wine_quality,ActiveLearning,30,0.9125,1.0,0.1863,0.5,1.0,0.9667,1.0,0.1026,0.6667,1.0,0.0086,0.0,0.0258,0.0,0.1101,0.0019,0.0,0.0048,0.0,0.0162,3.75,4
Wine_quality,Clustering,5,0.0,0.0,0.0,0.0,0.0,0.0,0.0,0.0,0.0,0.0,0.1124,0.1121,0.034,0.0665,0.1922,0.0306,0.0137,0.0429,0.0028,0.1691,5.65,4
Wine_quality,Clustering,10,0.2125,0.25,0.1468,0.0,0.5,0.2421,0.25,0.1872,0.0,0.6667,0.1146,0.1179,0.0304,0.0711,0.1534,0.0395,0.0342,0.029,0.0001,0.0928,4.6,4
Wine_quality,Clustering,20,0.4625,0.5,0.0916,0.25,0.5,0.374,0.3095,0.1833,0.1111,0.6667,0.0454,0.0498,0.0134,0.0077,0.0733,0.0164,0.0133,0.0082,0.0054,0.032,5.8,4
Wine_quality,Clustering,30,0.625,0.625,0.1282,0.5,0.75,0.7889,0.8333,0.2521,0.2222,1.0,0.0081,0.0038,0.0148,0.0,0.0498,0.0035,0.0027,0.0043,0.0,0.0133,3.6,4
Wine_quality,Diversity,5,0.25,0.25,0.1147,0.0,0.5,0.3042,0.25,0.1651,0.0,0.6667,0.089,0.0962,0.0205,0.0561,0.1121,0.0565,0.0387,0.0378,0.0121,0.1616,3.45,4
Wine_quality,Diversity,10,0.5,0.5,0.0,0.5,0.5,0.64,0.6667,0.0821,0.4,0.6667,0.0287,0.0154,0.0237,0.0077,0.0645,0.0265,0.0135,0.0232,0.0054,0.0539,3.2,4
Wine_quality,Diversity,20,0.7125,0.75,0.0916,0.5,0.75,0.95,1.0,0.1221,0.6667,1.0,0.0012,0.0,0.0028,0.0,0.0077,0.0008,0.0,0.002,0.0,0.0054,3.0,4
Wine_quality,Diversity,30,0.75,0.75,0.0,0.75,0.75,1.0,1.0,0.0,1.0,1.0,0.0,0.0,0.0,0.0,0.0,0.0,0.0,0.0,0.0,0.0,3.0,4
Wine_quality,LHS,5,0.0,0.0,0.0,0.0,0.0,0.0,0.0,0.0,0.0,0.0,0.1201,0.1231,0.028,0.0854,0.1907,0.0582,0.0406,0.0514,0.0019,0.1524,6.35,4
Wine_quality,LHS,10,0.0125,0.0,0.0559,0.0,0.25,0.0083,0.0,0.0373,0.0,0.1667,0.0999,0.1025,0.0186,0.0595,0.1274,0.0785,0.083,0.0241,0.0057,0.1158,5.7,4
Wine_quality,LHS,20,0.0,0.0,0.0,0.0,0.0,0.0,0.0,0.0,0.0,0.0,0.1023,0.1067,0.0075,0.0781,0.1096,0.0771,0.0775,0.0069,0.0593,0.0835,4.55,4
Wine_quality,LHS,30,0.0625,0.0,0.1111,0.0,0.25,0.0642,0.0,0.1161,0.0,0.3333,0.1046,0.1077,0.0141,0.0654,0.1187,0.0715,0.0835,0.0213,0.0296,0.0835,4.75,4
Wine_quality,NSGA-II,5,0.1625,0.25,0.1677,0.0,0.5,0.1763,0.1714,0.2107,0.0,0.6667,0.0907,0.091,0.0333,0.0115,0.1352,0.0952,0.0923,0.0451,0.0269,0.2195,4.5,4
Wine_quality,NSGA-II,10,0.2875,0.25,0.2188,0.0,0.75,0.3067,0.2917,0.2552,0.0,0.75,0.0572,0.0551,0.0271,0.0115,0.1115,0.0526,0.0424,0.0279,0.0189,0.1508,4.4,4
Wine_quality,NSGA-II,20,0.55,0.5,0.2236,0.0,1.0,0.5959,0.6667,0.309,0.0,1.0,0.0194,0.0115,0.02,0.0,0.0692,0.014,0.0135,0.0141,0.0,0.0539,4.6,4
Wine_quality,NSGA-II,30,0.8875,1.0,0.1512,0.5,1.0,0.9056,1.0,0.2071,0.3333,1.0,0.0038,0.0,0.0107,0.0,0.0462,0.0032,0.0,0.008,0.0,0.0323,4.1,4
Wine_quality,NoModel,5,0.0625,0.0,0.1111,0.0,0.25,0.0792,0.0,0.1417,0.0,0.3333,0.1476,0.1457,0.0373,0.0666,0.2007,0.1818,0.2047,0.0694,0.0593,0.268,3.6,4
Wine_quality,NoModel,10,0.15,0.0,0.2052,0.0,0.5,0.2042,0.0,0.3088,0.0,1.0,0.0998,0.1007,0.0373,0.0077,0.183,0.102,0.1024,0.0538,0.0054,0.2276,3.9,4
Wine_quality,NoModel,20,0.175,0.25,0.1832,0.0,0.5,0.1858,0.2,0.2006,0.0,0.6667,0.0734,0.0756,0.0308,0.0115,0.1117,0.071,0.07,0.0325,0.0135,0.1428,4.3,4
Wine_quality,NoModel,30,0.2125,0.25,0.2032,0.0,0.5,0.1867,0.1339,0.2111,0.0,0.6667,0.0583,0.066,0.0288,0.0077,0.1077,0.051,0.0539,0.0255,0.0054,0.097,5.75,4
Wine_quality,Random,5,0.0625,0.0,0.1375,0.0,0.5,0.0486,0.0,0.1131,0.0,0.4,0.121,0.118,0.0494,0.0466,0.2648,0.0991,0.0896,0.0739,0.0042,0.2193,6.05,4
Wine_quality,Random,10,0.1125,0.0,0.1716,0.0,0.5,0.1113,0.0,0.1734,0.0,0.5,0.1139,0.1135,0.036,0.0594,0.1829,0.0529,0.0233,0.0517,0.0028,0.1756,4.6,4
Wine_quality,Random,20,0.125,0.0,0.1721,0.0,0.5,0.133,0.0,0.2114,0.0,0.6667,0.0769,0.0775,0.0372,0.0163,0.1414,0.0661,0.0637,0.043,0.0064,0.1446,5.15,4
Wine_quality,Random,30,0.3375,0.25,0.1223,0.25,0.5,0.3368,0.25,0.2291,0.1,1.0,0.0704,0.0722,0.0296,0.0159,0.1316,0.0496,0.047,0.0323,0.0034,0.1311,5.05,4
Wine_quality,SWAY,5,0.2,0.0,0.3498,0.0,1.0,0.2167,0.0,0.3764,0.0,1.0,0.1104,0.1184,0.0528,0.0,0.1991,0.1498,0.1448,0.0838,0.0,0.2599,4.25,4
Wine_quality,SWAY,10,0.35,0.0,0.4398,0.0,1.0,0.3958,0.0,0.4798,0.0,1.0,0.0816,0.1117,0.0535,0.0,0.1436,0.1106,0.1266,0.0901,0.0,0.2397,3.95,4
Wine_quality,SWAY,20,0.55,0.75,0.484,0.0,1.0,0.575,1.0,0.494,0.0,1.0,0.0473,0.0288,0.0513,0.0,0.1155,0.0595,0.0081,0.0815,0.0,0.2249,4.15,4
Wine_quality,SWAY,30,0.7625,1.0,0.3759,0.0,1.0,0.7633,1.0,0.401,0.0,1.0,0.0284,0.0,0.0417,0.0,0.1101,0.0328,0.0,0.0588,0.0,0.1832,4.5,4
Wine_quality,Sobol,5,0.0,0.0,0.0,0.0,0.0,0.0,0.0,0.0,0.0,0.0,0.1191,0.1079,0.032,0.0784,0.1907,0.0546,0.0224,0.0622,0.0019,0.1811,5.9,4
Wine_quality,Sobol,10,0.0125,0.0,0.0559,0.0,0.25,0.01,0.0,0.0447,0.0,0.2,0.0948,0.0876,0.0178,0.0617,0.1274,0.0698,0.0626,0.026,0.0023,0.124,5.0,4
Wine_quality,Sobol,20,0.025,0.0,0.0769,0.0,0.25,0.0292,0.0,0.0908,0.0,0.3333,0.102,0.1028,0.0094,0.0713,0.1186,0.0742,0.0721,0.0158,0.0173,0.0943,4.35,4
Wine_quality,Sobol,30,0.0375,0.0,0.0916,0.0,0.25,0.035,0.0,0.086,0.0,0.25,0.102,0.1077,0.0162,0.0654,0.1187,0.0719,0.0835,0.0208,0.0296,0.0835,4.85,4
Wine_quality,Stratified,5,0.075,0.0,0.1428,0.0,0.5,0.0705,0.0,0.1623,0.0,0.6667,0.1429,0.1282,0.0531,0.0675,0.3192,0.0924,0.0791,0.0601,0.0184,0.2527,6.85,4
Wine_quality,Stratified,10,0.1875,0.25,0.1791,0.0,0.5,0.1553,0.2,0.1477,0.0,0.5,0.1141,0.1138,0.0389,0.0556,0.1852,0.0818,0.0808,0.0486,0.0032,0.1709,5.25,4
Wine_quality,Stratified,20,0.25,0.25,0.281,0.0,0.75,0.2293,0.0909,0.302,0.0,1.0,0.0924,0.0996,0.0357,0.0185,0.1521,0.0748,0.0847,0.0397,0.0054,0.1471,5.7,4
Wine_quality,Stratified,30,0.25,0.25,0.2146,0.0,0.75,0.265,0.225,0.2575,0.0,0.75,0.0637,0.0625,0.0342,0.0077,0.1477,0.0457,0.0396,0.0346,0.0002,0.1052,5.65,4
auto93,ActiveLearning,5,0.2192,0.1538,0.2208,0.0,0.6923,0.1741,0.0977,0.2371,0.0,1.0,0.2533,0.2363,0.0959,0.1322,0.4712,0.1019,0.0661,0.0893,0.0075,0.3424,30.65,13
auto93,ActiveLearning,10,0.1731,0.1923,0.127,0.0,0.4615,0.1795,0.1214,0.174,0.0,0.5,0.2045,0.2015,0.0552,0.1157,0.3199,0.1059,0.0792,0.088,0.0085,0.3667,24.2,13
auto93,ActiveLearning,20,0.2269,0.2308,0.172,0.0,0.6923,0.2379,0.1297,0.2561,0.0,1.0,0.2091,0.1865,0.0612,0.133,0.3467,0.0818,0.0872,0.0549,0.003,0.2249,18.3,13
auto93,ActiveLearning,30,0.2615,0.2692,0.1586,0.0,0.5385,0.2078,0.1745,0.1883,0.0,0.8333,0.1506,0.1455,0.0344,0.1027,0.2515,0.0584,0.0501,0.0326,0.0084,0.1436,21.05,13
auto93,Clustering,5,0.4269,0.3846,0.1664,0.0769,0.6923,0.1333,0.1384,0.0371,0.0294,0.1957,0.1776,0.1767,0.0287,0.1376,0.2507,0.1435,0.1519,0.0776,0.0027,0.3316,40.75,13
auto93,Clustering,10,0.2654,0.2692,0.1683,0.0,0.4615,0.212,0.1384,0.2283,0.0,1.0,0.169,0.1306,0.0963,0.1092,0.4712,0.0642,0.0453,0.0547,0.0024,0.1531,26.5,13
auto93,Clustering,20,0.2231,0.2308,0.0701,0.0769,0.3846,0.3157,0.2792,0.1735,0.08,0.75,0.1715,0.1573,0.0571,0.1136,0.3429,0.0824,0.0925,0.0361,0.0032,0.1386,11.4,13
auto93,Clustering,30,0.3,0.3077,0.0745,0.2308,0.4615,0.3902,0.3923,0.078,0.2308,0.5556,0.1375,0.1369,0.0142,0.1123,0.1784,0.0797,0.0683,0.0259,0.0086,0.1103,10.1,13
auto93,Diversity,5,0.1,0.0769,0.097,0.0,0.3077,0.1805,0.2,0.1631,0.0,0.5,0.2376,0.223,0.0793,0.1311,0.4113,0.0915,0.1003,0.0376,0.0029,0.1511,10.95,13
auto93,Diversity,10,0.1962,0.1538,0.1013,0.0,0.3846,0.1945,0.1584,0.1552,0.0,0.75,0.1823,0.1546,0.0525,0.1148,0.2793,0.0917,0.1078,0.0387,0.0135,0.1388,16.45,13
auto93,Diversity,20,0.3885,0.3846,0.1568,0.1538,0.6154,0.4044,0.4189,0.1517,0.1818,0.6667,0.1362,0.1369,0.0153,0.1142,0.1683,0.0823,0.1036,0.0379,0.0067,0.1233,13.25,13
auto93,Diversity,30,0.5308,0.5385,0.0896,0.3846,0.6923,0.7636,0.7778,0.1434,0.4615,1.0,0.1363,0.1372,0.0108,0.1176,0.1553,0.0945,0.1156,0.0442,0.0012,0.1272,9.2,13
auto93,LHS,5,0.1731,0.0769,0.1815,0.0,0.6154,0.0835,0.0605,0.1188,0.0,0.5,0.2912,0.285,0.0689,0.1658,0.4062,0.1505,0.1338,0.1066,0.0151,0.3413,40.55,13
auto93,LHS,10,0.1654,0.0769,0.1524,0.0,0.5385,0.2162,0.1339,0.2368,0.0,1.0,0.2612,0.2624,0.0679,0.1624,0.3915,0.1204,0.1064,0.069,0.0113,0.2538,17.65,13
auto93,LHS,20,0.2231,0.1538,0.122,0.0769,0.6154,0.3124,0.2111,0.2401,0.0625,1.0,0.2063,0.185,0.0592,0.136,0.3315,0.0763,0.0784,0.0468,0.0024,0.1657,14.1,13
auto93,LHS,30,0.2385,0.2308,0.1516,0.0769,0.5385,0.2615,0.1926,0.1845,0.05,0.8333,0.1924,0.1758,0.0433,0.1458,0.2697,0.0551,0.0542,0.0343,0.002,0.1243,15.2,13
auto93,NSGA-II,5,0.0962,0.0769,0.0784,0.0,0.3077,0.2885,0.2,0.257,0.0,0.8,0.1555,0.1455,0.0316,0.1128,0.2187,0.3052,0.3583,0.1045,0.0165,0.4122,5.05,13
auto93,NSGA-II,10,0.3231,0.3077,0.0986,0.1538,0.5385,0.5961,0.5714,0.186,0.3333,1.0,0.0883,0.087,0.0193,0.0457,0.1248,0.1995,0.2029,0.0692,0.0292,0.3083,7.15,13
auto93,NSGA-II,20,0.5423,0.5385,0.1043,0.3077,0.6923,0.7334,0.7778,0.1503,0.4,1.0,0.0481,0.0457,0.021,0.0125,0.088,0.0967,0.0611,0.0844,0.0001,0.2431,9.8,13
auto93,NSGA-II,30,0.8808,0.9231,0.0727,0.7692,1.0,0.9501,1.0,0.077,0.7857,1.0,0.0102,0.0062,0.0104,0.0,0.0306,0.0345,0.0096,0.0565,0.0001,0.159,12.1,13
auto93,NoModel,5,0.0692,0.0769,0.0656,0.0,0.2308,0.275,0.3333,0.2636,0.0,1.0,0.196,0.1818,0.057,0.1256,0.3055,0.3645,0.371,0.1116,0.1668,0.6069,3.7,13
auto93,NoModel,10,0.0769,0.0769,0.0706,0.0,0.2308,0.2751,0.2,0.2736,0.0,0.75,0.1779,0.1674,0.0394,0.1213,0.2749,0.3433,0.3509,0.0979,0.0565,0.544,4.2,13
auto93,NoModel,20,0.1846,0.1538,0.0979,0.0769,0.4615,0.4188,0.4,0.2001,0.1111,0.8571,0.1168,0.1157,0.0318,0.0571,0.206,0.2368,0.2246,0.0816,0.0601,0.3915,5.85,13
auto93,NoModel,30,0.3192,0.3846,0.1007,0.1538,0.4615,0.5898,0.5903,0.158,0.3333,0.8571,0.0821,0.0785,0.0236,0.0481,0.1319,0.1796,0.1722,0.0668,0.0124,0.3011,7.05,13
auto93,Random,5,0.2231,0.2308,0.1979,0.0,0.6923,0.1066,0.0797,0.0847,0.0,0.3,0.2161,0.1763,0.0903,0.131,0.4712,0.1094,0.0998,0.0812,0.0042,0.3611,31.6,13
auto93,Random,10,0.2846,0.2308,0.1695,0.0,0.6154,0.217,0.2183,0.1342,0.0,0.6667,0.1705,0.1573,0.0447,0.1113,0.2614,0.0688,0.0666,0.0513,0.0069,0.1905,18.6,13
auto93,Random,20,0.3962,0.3462,0.1544,0.1538,0.7692,0.404,0.3693,0.1648,0.1667,0.8,0.1426,0.1463,0.0556,0.045,0.2829,0.0807,0.0825,0.0504,0.0152,0.178,14.0,13
auto93,Random,30,0.3808,0.3846,0.0982,0.2308,0.5385,0.4296,0.4306,0.1537,0.1923,0.8333,0.1385,0.1416,0.0384,0.0692,0.2102,0.0745,0.0886,0.0388,0.0067,0.1235,12.95,13
auto93,SWAY,5,0.1385,0.1538,0.0641,0.0,0.2308,0.4535,0.45,0.1928,0.0,0.75,0.1682,0.1782,0.0316,0.0853,0.2039,0.2845,0.2568,0.0993,0.079,0.476,4.1,13
auto93,SWAY,10,0.1846,0.1538,0.1099,0.0,0.3846,0.4908,0.5,0.2247,0.0,0.75,0.1583,0.1531,0.0432,0.0945,0.2602,0.2447,0.1989,0.1595,0.0416,0.5958,4.6,13
auto93,SWAY,20,0.3423,0.3462,0.1043,0.1538,0.4615,0.6922,0.7321,0.1339,0.3333,0.8571,0.1203,0.1195,0.0277,0.0657,0.1784,0.1416,0.1646,0.0891,0.0326,0.2957,6.4,13
auto93,SWAY,30,0.6231,0.5769,0.1365,0.4615,0.8462,0.8761,0.875,0.086,0.75,1.0,0.0612,0.0823,0.0321,0.0093,0.0909,0.0712,0.0302,0.0796,0.0018,0.2445,9.2,13
auto93,Sobol,5,0.1654,0.1538,0.144,0.0,0.3846,0.0968,0.0667,0.126,0.0,0.5,0.2981,0.2886,0.0663,0.1916,0.425,0.13,0.1213,0.0684,0.0049,0.2698,35.3,13
auto93,Sobol,10,0.1692,0.1538,0.1133,0.0,0.3846,0.1349,0.0897,0.1401,0.0,0.5,0.216,0.2028,0.0536,0.1574,0.3576,0.1338,0.1283,0.0686,0.017,0.2481,21.3,13
auto93,Sobol,20,0.2269,0.1923,0.1157,0.0769,0.5385,0.2999,0.2053,0.2073,0.0667,0.75,0.2085,0.1931,0.0543,0.1494,0.3315,0.0805,0.0788,0.0383,0.0108,0.1382,15.4,13
auto93,Sobol,30,0.2692,0.2308,0.1309,0.0769,0.5385,0.3016,0.2225,0.2196,0.0816,1.0,0.1712,0.1723,0.0283,0.1262,0.2267,0.0528,0.0556,0.0316,0.0023,0.1182,16.95,13
auto93,Stratified,5,0.3077,0.3077,0.2287,0.0,0.7692,0.2097,0.1151,0.2373,0.0,1.0,0.2186,0.1773,0.1099,0.1198,0.4712,0.1058,0.1263,0.0459,0.0266,0.17,32.25,13
auto93,Stratified,10,0.3308,0.3077,0.16,0.0,0.6923,0.2044,0.2116,0.0724,0.0,0.3,0.1476,0.1468,0.039,0.0621,0.2537,0.0762,0.0878,0.0512,0.0001,0.1971,20.9,13
auto93,Stratified,20,0.2885,0.3077,0.1318,0.0769,0.5385,0.3311,0.3022,0.1664,0.1333,0.75,0.1603,0.1578,0.0372,0.0551,0.2172,0.0909,0.0919,0.0318,0.0331,0.1347,13.05,13
auto93,Stratified,30,0.4115,0.3846,0.1396,0.1538,0.8462,0.3797,0.3868,0.1256,0.1364,0.625,0.1362,0.1529,0.0415,0.0364,0.179,0.0822,0.0989,0.0409,0.0079,0.1306,15.35,13
coc1000,ActiveLearning,5,0.2385,0.2326,0.1604,0.0417,0.5278,0.2139,0.2061,0.0531,0.1133,0.3226,0.2988,0.2943,0.0272,0.2486,0.3539,0.3097,0.3086,0.0618,0.1963,0.4086,171.85,144
coc1000,ActiveLearning,10,0.226,0.2257,0.0944,0.0625,0.4167,0.2585,0.2329,0.0786,0.1481,0.4146,0.2446,0.2456,0.0157,0.2095,0.2663,0.21,0.212,0.0442,0.1186,0.2933,136.65,144
coc1000,ActiveLearning,20,0.2524,0.2431,0.1011,0.1111,0.4861,0.3173,0.3221,0.0597,0.2278,0.4603,0.184,0.1827,0.0116,0.1598,0.2042,0.1204,0.1191,0.0269,0.067,0.1865,117.2,144
coc1000,ActiveLearning,30,0.2236,0.2118,0.0554,0.1389,0.4028,0.3309,0.3317,0.0639,0.2231,0.4571,0.1598,0.1572,0.0166,0.1309,0.1956,0.096,0.0894,0.0308,0.0434,0.1536,101.35,144
coc1000,Clustering,5,0.3281,0.3576,0.1389,0.125,0.6458,0.2188,0.2061,0.0475,0.1574,0.3418,0.2952,0.2913,0.0204,0.259,0.3251,0.3113,0.3137,0.0679,0.1918,0.4371,232.3,144
coc1000,Clustering,10,0.2115,0.1979,0.0648,0.1181,0.3681,0.3007,0.2946,0.064,0.19,0.4267,0.2283,0.2286,0.0127,0.2057,0.2614,0.1852,0.1868,0.0403,0.1117,0.2711,108.15,144
coc1000,Clustering,20,0.2062,0.2014,0.0368,0.1528,0.3056,0.3621,0.3435,0.0669,0.2529,0.5439,0.1719,0.1711,0.0084,0.1598,0.187,0.1142,0.1167,0.0215,0.0801,0.1446,84.85,144
coc1000,Clustering,30,0.2802,0.2778,0.0384,0.2153,0.3611,0.4704,0.4376,0.08,0.3924,0.7143,0.138,0.1401,0.0151,0.1078,0.1662,0.0655,0.0633,0.0194,0.0358,0.1095,86.6,144
coc1000,Diversity,5,0.1667,0.066,0.1794,0.0347,0.5347,0.3175,0.2946,0.1059,0.194,0.5556,0.2883,0.2824,0.0208,0.2497,0.3374,0.2376,0.2239,0.0536,0.1655,0.3761,100.65,144
coc1000,Diversity,10,0.1115,0.1076,0.0244,0.0764,0.1944,0.3705,0.3704,0.0535,0.2817,0.4595,0.2215,0.2199,0.0087,0.2095,0.2365,0.1577,0.1478,0.0312,0.1166,0.219,44.05,144
coc1000,Diversity,20,0.2288,0.2292,0.0208,0.1944,0.2639,0.515,0.5114,0.0454,0.4143,0.5938,0.1567,0.1569,0.0115,0.1395,0.1791,0.0986,0.0977,0.0172,0.0675,0.1289,64.15,144
coc1000,Diversity,30,0.3497,0.3472,0.0148,0.3264,0.3889,0.6099,0.6025,0.0394,0.5393,0.6849,0.1176,0.1181,0.006,0.1059,0.1289,0.0785,0.08,0.012,0.0397,0.0938,82.8,144
coc1000,LHS,5,0.284,0.2465,0.1096,0.1458,0.5417,0.233,0.2257,0.0466,0.1688,0.3243,0.2751,0.2763,0.0168,0.2415,0.3114,0.2875,0.2895,0.0685,0.1838,0.3907,186.0,144
coc1000,LHS,10,0.2378,0.2465,0.0754,0.1319,0.3611,0.2952,0.2979,0.0528,0.2039,0.3895,0.2184,0.2173,0.0167,0.1946,0.2533,0.1859,0.1841,0.032,0.1359,0.241,117.8,144
coc1000,LHS,20,0.2826,0.2604,0.0603,0.2014,0.3819,0.3817,0.3655,0.0566,0.2821,0.4762,0.1626,0.1643,0.0084,0.1452,0.1733,0.1062,0.1032,0.0235,0.0636,0.152,110.35,144
coc1000,LHS,30,0.3312,0.3333,0.0351,0.2639,0.3889,0.4935,0.492,0.0682,0.3605,0.6173,0.1297,0.1297,0.0096,0.1138,0.1461,0.071,0.0684,0.0183,0.0445,0.1059,98.05,144
coc1000,NSGA-II,5,0.1312,0.125,0.0329,0.0833,0.2014,0.3846,0.36,0.1041,0.24,0.6364,0.1958,0.1981,0.0146,0.167,0.2183,0.1241,0.1208,0.0441,0.052,0.2202,49.35,144
coc1000,NSGA-II,10,0.3038,0.2986,0.0369,0.2361,0.375,0.5312,0.535,0.1029,0.382,0.7536,0.1251,0.1225,0.0124,0.1071,0.1546,0.0598,0.055,0.0225,0.0278,0.0979,83.85,144
coc1000,NSGA-II,20,0.5944,0.6007,0.0311,0.5347,0.6389,0.7419,0.7409,0.0561,0.6393,0.8224,0.0625,0.063,0.0061,0.0543,0.0744,0.0209,0.0202,0.0084,0.0048,0.0355,115.9,144
coc1000,NSGA-II,30,0.9059,0.9028,0.0238,0.8472,0.9514,0.9521,0.9554,0.0331,0.86,1.0,0.0139,0.0124,0.0049,0.0048,0.0256,0.0051,0.0041,0.0044,0.0,0.0165,137.15,144
coc1000,NoModel,5,0.0385,0.0382,0.0169,0.0139,0.0764,0.1889,0.1786,0.0924,0.0645,0.4583,0.2605,0.2606,0.0175,0.2314,0.3099,0.2519,0.2368,0.0664,0.1459,0.3877,30.05,144
coc1000,NoModel,10,0.1024,0.1042,0.0188,0.0625,0.1319,0.33,0.3297,0.073,0.1957,0.4737,0.2069,0.2062,0.0138,0.185,0.2382,0.1575,0.1596,0.0426,0.0978,0.2387,45.45,144
coc1000,NoModel,20,0.2028,0.2014,0.0229,0.1667,0.2431,0.4376,0.4352,0.0598,0.3452,0.5738,0.1565,0.1535,0.0103,0.1447,0.18,0.0938,0.0929,0.0197,0.0563,0.1319,67.3,144
coc1000,NoModel,30,0.3,0.2986,0.0315,0.2431,0.3681,0.5168,0.5191,0.0763,0.3804,0.6471,0.1215,0.1212,0.0099,0.1048,0.1415,0.0597,0.0577,0.0215,0.0276,0.0966,84.5,144
coc1000,Random,5,0.2677,0.2917,0.1182,0.0417,0.4306,0.2166,0.2035,0.0565,0.1356,0.3485,0.2834,0.2808,0.0212,0.2357,0.3216,0.2749,0.2871,0.0473,0.1891,0.3511,190.5,144
coc1000,Random,10,0.2247,0.2188,0.1126,0.0764,0.4931,0.2911,0.2774,0.0815,0.1532,0.4324,0.2279,0.2282,0.0118,0.1975,0.244,0.1957,0.1906,0.0432,0.124,0.2778,122.55,144
coc1000,Random,20,0.2389,0.2292,0.0434,0.1736,0.3472,0.4192,0.4285,0.0819,0.2743,0.5714,0.1689,0.168,0.0104,0.1506,0.191,0.1048,0.1132,0.0284,0.0531,0.1671,85.05,144
coc1000,Random,30,0.3396,0.3299,0.0579,0.2639,0.4931,0.4959,0.4875,0.0789,0.3497,0.6548,0.1319,0.1313,0.013,0.109,0.1552,0.0757,0.0736,0.0175,0.0518,0.1134,100.8,144
coc1000,SWAY,5,0.0517,0.0556,0.0193,0.0139,0.0764,0.3703,0.3875,0.155,0.0909,0.6154,0.2814,0.2786,0.0214,0.2458,0.3236,0.2222,0.2188,0.0631,0.1032,0.3243,20.85,144
coc1000,SWAY,10,0.0892,0.0833,0.0323,0.0417,0.1458,0.3883,0.3912,0.1506,0.1875,0.64,0.2309,0.2313,0.015,0.197,0.2555,0.1673,0.1699,0.0417,0.0773,0.2472,33.6,144
coc1000,SWAY,20,0.159,0.1389,0.0441,0.1042,0.25,0.4527,0.4214,0.1239,0.2963,0.7317,0.1815,0.1814,0.0174,0.1514,0.2105,0.1166,0.119,0.0353,0.0643,0.1933,50.95,144
coc1000,SWAY,30,0.3128,0.309,0.0574,0.2222,0.4028,0.5769,0.5624,0.1173,0.3656,0.7945,0.1252,0.1231,0.0123,0.1067,0.1551,0.0602,0.0598,0.0242,0.0221,0.1084,78.6,144
coc1000,Sobol,5,0.2569,0.2431,0.0915,0.125,0.4236,0.2198,0.2159,0.0493,0.1469,0.3193,0.2775,0.2761,0.0184,0.2458,0.3115,0.2729,0.2781,0.0693,0.147,0.4088,178.7,144
coc1000,Sobol,10,0.2628,0.2708,0.0789,0.1042,0.4097,0.2703,0.2732,0.0574,0.1724,0.3681,0.2256,0.2252,0.0237,0.1818,0.2777,0.1918,0.1821,0.0398,0.1476,0.291,143.95,144
coc1000,Sobol,20,0.2521,0.2396,0.0533,0.1736,0.3542,0.3932,0.3969,0.0488,0.2809,0.4824,0.1647,0.1638,0.0145,0.1439,0.1941,0.1099,0.1061,0.0267,0.0569,0.1707,92.9,144
coc1000,Sobol,30,0.334,0.3264,0.0295,0.2917,0.3958,0.4707,0.4634,0.0701,0.3433,0.6333,0.1299,0.1295,0.0096,0.1098,0.1469,0.0737,0.0768,0.0177,0.0458,0.1045,103.65,144
coc1000,Stratified,5,0.2774,0.2674,0.1139,0.0347,0.4444,0.2228,0.2075,0.0506,0.1429,0.3276,0.2829,0.2759,0.0223,0.2538,0.3499,0.3024,0.2933,0.033,0.2377,0.3558,184.15,144
coc1000,Stratified,10,0.2326,0.2257,0.0859,0.0833,0.375,0.2833,0.2596,0.079,0.1923,0.45,0.2207,0.2214,0.0151,0.1969,0.2476,0.1787,0.1787,0.039,0.1291,0.2641,131.2,144
coc1000,Stratified,20,0.2552,0.2326,0.0747,0.1528,0.4097,0.3983,0.3855,0.0628,0.3036,0.55,0.1698,0.1689,0.0114,0.1496,0.1875,0.108,0.1017,0.0277,0.0597,0.1694,95.7,144
coc1000,Stratified,30,0.3163,0.3056,0.0582,0.2222,0.4583,0.5211,0.526,0.0613,0.4286,0.6866,0.1389,0.1411,0.0114,0.1194,0.1565,0.0738,0.0729,0.0175,0.0488,0.12,88.2,144
pom3d,ActiveLearning,5,0.05,0.0,0.0699,0.0,0.1429,0.0996,0.0,0.1547,0.0,0.5,0.2227,0.2137,0.049,0.1334,0.3051,0.0299,0.0214,0.0378,0.002,0.1563,6.65,7
pom3d,ActiveLearning,10,0.0429,0.0,0.0938,0.0,0.2857,0.0561,0.0,0.1225,0.0,0.4,0.1738,0.1658,0.0506,0.0498,0.2625,0.0164,0.0167,0.0089,0.0043,0.0345,7.15,7
pom3d,ActiveLearning,20,0.15,0.1429,0.1427,0.0,0.4286,0.1569,0.1292,0.2095,0.0,0.75,0.1268,0.128,0.0668,0.0336,0.2715,0.0324,0.0241,0.0268,0.0019,0.0801,8.6,7
pom3d,ActiveLearning,30,0.1643,0.1429,0.1412,0.0,0.4286,0.1648,0.1429,0.1605,0.0,0.5,0.1055,0.0941,0.0618,0.0247,0.2034,0.026,0.0227,0.0193,0.0004,0.0588,8.75,7
pom3d,Clustering,5,0.0143,0.0,0.044,0.0,0.1429,0.0417,0.0,0.1311,0.0,0.5,0.2222,0.2199,0.0557,0.1012,0.326,0.0364,0.0272,0.0393,0.0019,0.165,4.35,7
pom3d,Clustering,10,0.1,0.1429,0.1047,0.0,0.2857,0.1744,0.1833,0.2083,0.0,0.6667,0.1869,0.1912,0.0499,0.1004,0.2768,0.0272,0.0269,0.016,0.0004,0.0733,5.35,7
pom3d,Clustering,20,0.2429,0.2143,0.1678,0.0,0.5714,0.3604,0.3667,0.2589,0.0,0.75,0.157,0.1655,0.0771,0.0192,0.2578,0.0224,0.0223,0.0164,0.0002,0.0737,6.05,7
pom3d,Clustering,30,0.3857,0.4286,0.1235,0.1429,0.7143,0.4393,0.4643,0.1874,0.1111,0.8333,0.139,0.1542,0.0439,0.0161,0.1837,0.0196,0.0186,0.0085,0.0013,0.0326,6.75,7
pom3d,Diversity,5,0.05,0.0,0.0699,0.0,0.1429,0.0371,0.0,0.0577,0.0,0.1667,0.1952,0.2019,0.0446,0.1286,0.2647,0.0393,0.0405,0.0207,0.0033,0.073,7.9,7
pom3d,Diversity,10,0.1357,0.1429,0.0864,0.0,0.2857,0.1144,0.1181,0.085,0.0,0.3333,0.1476,0.152,0.0345,0.0605,0.2179,0.0137,0.0128,0.0108,0.002,0.0491,9.35,7
pom3d,Diversity,20,0.2214,0.1429,0.1267,0.1429,0.5714,0.2229,0.1339,0.2288,0.0588,1.0,0.1199,0.1473,0.0542,0.0194,0.1869,0.0165,0.0138,0.011,0.001,0.0394,9.25,7
pom3d,Diversity,30,0.3071,0.2857,0.0958,0.1429,0.4286,0.2578,0.2614,0.1056,0.0909,0.4286,0.0819,0.0553,0.0602,0.0179,0.1668,0.0291,0.0277,0.0066,0.0219,0.0456,9.1,7
pom3d,LHS,5,0.0714,0.0,0.1087,0.0,0.2857,0.1833,0.0,0.324,0.0,1.0,0.2255,0.2363,0.068,0.0775,0.3281,0.0512,0.0417,0.0378,0.0008,0.1229,5.55,7
pom3d,LHS,10,0.1214,0.1429,0.0699,0.0,0.2857,0.1598,0.1429,0.1387,0.0,0.5,0.1893,0.2102,0.0618,0.0827,0.2641,0.0265,0.0155,0.0303,0.0,0.1011,7.2,7
pom3d,LHS,20,0.1857,0.1429,0.1235,0.0,0.4286,0.2437,0.1833,0.1984,0.0,0.75,0.172,0.177,0.0609,0.0508,0.2922,0.0249,0.0215,0.022,0.0023,0.0963,6.6,7
pom3d,LHS,30,0.25,0.2857,0.1381,0.0,0.5714,0.3283,0.3333,0.2352,0.0,1.0,0.1658,0.1693,0.0376,0.0597,0.2717,0.023,0.025,0.0103,0.0024,0.0443,6.5,7
pom3d,NSGA-II,5,0.1429,0.1429,0.1537,0.0,0.5714,0.1996,0.127,0.2164,0.0,0.6667,0.1482,0.1662,0.0571,0.0105,0.2111,0.0492,0.0544,0.0241,0.0014,0.0852,6.8,7
pom3d,NSGA-II,10,0.3643,0.4286,0.1701,0.0,0.7143,0.4245,0.3333,0.2828,0.0,1.0,0.1113,0.1479,0.0813,0.0091,0.2583,0.0241,0.0215,0.0179,0.0006,0.0506,7.25,7
pom3d,NSGA-II,20,0.5857,0.5714,0.1789,0.2857,1.0,0.654,0.6333,0.2748,0.2857,1.0,0.0901,0.1356,0.0649,0.0,0.1518,0.0174,0.0052,0.0159,0.0008,0.0394,6.75,7
pom3d,NSGA-II,30,0.9357,1.0,0.0864,0.7143,1.0,0.9153,1.0,0.1924,0.3571,1.0,0.002,0.0,0.0031,0.0,0.0096,0.0056,0.0022,0.0085,0.0,0.0273,7.55,7
pom3d,NoModel,5,0.1071,0.1429,0.1023,0.0,0.2857,0.2558,0.1833,0.2876,0.0,1.0,0.214,0.2064,0.0601,0.0817,0.3135,0.0871,0.0823,0.0332,0.0119,0.1593,4.0,7
pom3d,NoModel,10,0.1286,0.1429,0.0789,0.0,0.2857,0.2068,0.2,0.1495,0.0,0.5,0.1789,0.1796,0.0466,0.0488,0.2708,0.0475,0.0438,0.0292,0.0118,0.1042,5.2,7
pom3d,NoModel,20,0.2357,0.1429,0.1333,0.1429,0.5714,0.3038,0.1667,0.2712,0.0909,1.0,0.1627,0.1608,0.0477,0.0129,0.2583,0.0378,0.041,0.0211,0.0027,0.073,7.0,7
pom3d,NoModel,30,0.2571,0.2857,0.1359,0.0,0.5714,0.275,0.2222,0.242,0.0,1.0,0.134,0.1516,0.057,0.0218,0.2522,0.0353,0.0427,0.0193,0.0044,0.0643,8.3,7
pom3d,Random,5,0.0571,0.0,0.0718,0.0,0.1429,0.1212,0.0,0.174,0.0,0.5,0.2133,0.2177,0.0525,0.0897,0.2971,0.0432,0.027,0.0462,0.0,0.1835,5.4,7
pom3d,Random,10,0.1071,0.0,0.1381,0.0,0.4286,0.1199,0.0,0.1853,0.0,0.6667,0.1543,0.1745,0.0524,0.0246,0.2214,0.0247,0.0173,0.019,0.0055,0.0821,7.8,7
pom3d,Random,20,0.2071,0.1429,0.1701,0.0,0.7143,0.233,0.1833,0.2056,0.0,0.8333,0.1479,0.1563,0.0463,0.0524,0.2165,0.0226,0.0152,0.0226,0.0004,0.0817,6.9,7
pom3d,Random,30,0.2643,0.2857,0.1486,0.0,0.5714,0.3408,0.225,0.2882,0.0,1.0,0.1555,0.1635,0.065,0.0261,0.2579,0.0257,0.0273,0.0121,0.0014,0.0536,6.9,7
pom3d,SWAY,5,0.1143,0.1429,0.1191,0.0,0.4286,0.3017,0.2917,0.3321,0.0,1.0,0.2082,0.1981,0.0404,0.1508,0.2837,0.0687,0.0703,0.0373,0.0097,0.1717,3.7,7
pom3d,SWAY,10,0.1643,0.1429,0.1333,0.0,0.4286,0.2554,0.2917,0.1894,0.0,0.6,0.1764,0.1787,0.065,0.0191,0.2715,0.0491,0.0518,0.0226,0.0095,0.0816,4.9,7
pom3d,SWAY,20,0.2286,0.1429,0.1759,0.0,0.5714,0.3309,0.225,0.2936,0.0,1.0,0.1625,0.1646,0.0607,0.0184,0.2647,0.0356,0.0412,0.0187,0.0065,0.0633,6.05,7
pom3d,SWAY,30,0.4357,0.4286,0.2339,0.0,0.8571,0.5169,0.5714,0.3056,0.0,1.0,0.1468,0.1461,0.0589,0.0069,0.2629,0.0253,0.0249,0.0169,0.003,0.0494,6.55,7
pom3d,Sobol,5,0.0357,0.0,0.0635,0.0,0.1429,0.0633,0.0,0.1323,0.0,0.5,0.2239,0.2267,0.0632,0.0943,0.3273,0.0481,0.0335,0.0399,0.0092,0.1502,6.65,7
pom3d,Sobol,10,0.0571,0.0,0.0855,0.0,0.2857,0.1138,0.0,0.2338,0.0,1.0,0.1971,0.1928,0.0543,0.106,0.2971,0.0193,0.0134,0.0209,0.0002,0.0776,6.35,7
pom3d,Sobol,20,0.2071,0.1429,0.1349,0.0,0.4286,0.346,0.25,0.2738,0.0,1.0,0.1616,0.165,0.0657,0.044,0.2695,0.0266,0.0202,0.0214,0.0017,0.0733,5.2,7
pom3d,Sobol,30,0.2571,0.2857,0.1709,0.0,0.5714,0.2881,0.2857,0.2024,0.0,0.75,0.1088,0.132,0.0638,0.0197,0.1813,0.0305,0.028,0.0155,0.0037,0.069,6.75,7
pom3d,Stratified,5,0.0929,0.0714,0.1161,0.0,0.4286,0.1545,0.0652,0.1884,0.0,0.5,0.2245,0.2205,0.0488,0.158,0.3468,0.0297,0.0209,0.0314,0.0005,0.121,6.15,7
pom3d,Stratified,10,0.0571,0.0,0.0718,0.0,0.1429,0.0908,0.0,0.1159,0.0,0.25,0.1879,0.1902,0.0548,0.0473,0.266,0.0185,0.0191,0.011,0.0001,0.0439,5.95,7
pom3d,Stratified,20,0.2143,0.2857,0.1639,0.0,0.5714,0.2843,0.25,0.243,0.0,0.8,0.1671,0.1661,0.0396,0.0777,0.2532,0.0169,0.0138,0.0112,0.0004,0.0383,6.4,7
pom3d,Stratified,30,0.3286,0.2857,0.1544,0.1429,0.5714,0.3809,0.4143,0.2124,0.0714,0.75,0.1263,0.1562,0.0744,0.0159,0.2558,0.029,0.028,0.0137,0.0011,0.0636,6.8,7
